id,time,age,female,income,sales
1,1.05,49,1,83622.63114,231.0862704
2,1.203883055,50,1,67265.60528,215.6147946
3,1.332719306,46,1,59151.45805,200.5002624
4,1.608880523,49,0,67308.16519,203.914474
5,1.637072098,50,1,65420.19626,217.6668389
6,1.87134674,47,0,68566.66769,222.0601391
7,2.113232107,43,1,60323.42402,213.3930193
8,2.519433416,49,1,64128.87905,206.4739281
9,2.704593685,39,1,56256.48786,192.0805825
10,2.977872982,39,1,38090.87859,156.6281309
11,3.063004008,35,1,34249.35037,165.1079079
12,3.375502246,33,0,44819.69771,192.4037115
13,3.816585005,46,1,57107.25568,204.9963984
14,3.956761925,42,1,64905.6765,209.4189319
15,4.156005876,35,0,57856.68783,204.5821056
16,4.537281417,45,1,64219.47049,219.536463
17,4.871792273,41,1,53338.42453,197.770018
18,4.974098354,37,1,69549.32268,228.4856564
19,5.152860781,40,1,50010.45067,192.5629204
20,5.332598339,41,0,65901.83999,205.2433517
21,5.677743603,43,0,55494.76526,190.9414923
22,5.94564918,43,1,55373.92106,202.2244931
23,6.301051102,47,1,68985.63294,216.9642412
24,6.570225452,42,1,56607.64144,182.8463699
25,6.944711565,39,1,65944.84835,213.000313
26,7.15476229,45,0,70000.46292,218.3350887
27,7.240472397,37,1,47103.27143,189.0324167
28,7.625623201,42,1,59752.65154,217.02163
29,8.066599995,47,1,75931.70788,217.6018114
30,8.34114835,39,1,59166.63598,197.7359939
31,8.480010229,52,1,76968.29337,236.6485812
32,8.724163226,37,1,54161.7747,192.5785602
33,9.188415763,44,0,49618.36839,192.1966971
34,9.362761754,37,1,49265.18999,212.5839565
35,9.839840608,33,1,48555.09105,191.2256734
36,10.18747768,40,0,54670.3922,204.7340213
37,10.63220445,51,0,82105.12602,216.0747356
38,10.72240807,42,0,45711.32771,186.1345869
39,11.03710349,41,1,64887.60883,217.1660885
40,11.53188556,52,1,74571.18003,225.6965418
41,11.59703,49,1,70760.56193,224.3852839
42,11.76236026,50,1,67397.43357,224.1817219
43,12.19492053,48,1,71468.90126,208.0349077
44,12.58371275,46,0,58948.34944,193.4601247
45,12.99736448,41,0,49726.06397,188.5991795
46,13.29902666,47,0,54943.05035,196.8416794
47,13.54464257,35,1,38466.63651,177.9791515
48,13.93482182,44,0,65467.60471,212.2352117
49,14.37693534,47,1,65052.86989,206.4492759
50,14.48079229,47,1,69274.10631,233.1682939
51,14.63433523,44,0,78313.72573,230.3394255
52,14.79960016,34,0,45268.69108,170.8499775
53,14.89893969,47,1,52850.26375,183.9195809
54,15.01678684,50,1,79449.48184,214.7849094
55,15.15423017,54,0,79959.95227,247.2549835
56,15.4498907,35,1,63524.3956,225.3088845
57,15.57658603,44,1,50001.50963,195.0233233
58,15.63832964,46,0,57423.83257,195.8633552
59,15.75328259,49,1,81143.67689,215.7224572
60,16.05207023,44,1,61760.7587,213.6500112
61,16.15777451,46,1,50771.67835,192.3164875
62,16.3896251,48,1,50241.51783,196.3770856
63,16.7131757,46,0,66656.7594,216.4273611
64,17.19346224,23,1,37406.17543,189.3016703
65,17.53166133,44,0,65915.76979,204.8246032
66,17.75423534,47,0,61282.73433,186.6187015
67,17.93312223,51,1,82778.41032,219.9223338
68,18.16098796,39,0,57946.93446,191.7330721
69,18.38369495,53,1,68204.8744,215.8543723
70,18.50624124,38,1,50833.76733,187.5260949
71,18.8534166,55,1,70341.55671,218.0302049
72,19.05953512,43,1,63631.40381,209.9012891
73,19.22339805,48,1,64570.02774,195.7335363
74,19.50968043,65,1,101019.8698,254.1726918
75,19.99317998,45,0,56918.3846,191.9011333
76,20.32406949,39,1,55061.79919,211.9673626
77,20.63641835,50,0,87206.76959,236.3569591
78,21.06474487,53,1,74244.09094,234.6701549
79,21.45213431,62,1,109176.1495,261.4231841
80,21.86914786,56,1,89870.96667,238.7931539
81,21.914903,40,1,46150.27283,201.3589444
82,22.14466574,48,1,62018.3522,219.5516701
83,22.44436482,48,1,56127.95072,203.4754979
84,22.90422578,45,1,37334.65791,175.2535718
85,23.39563782,35,1,33234.15668,158.6241054
86,23.4145391,29,0,47883.51928,192.6686081
87,23.70350781,50,1,77111.78718,225.5835321
88,24.07016489,49,1,85134.44849,233.8578767
89,24.19453609,52,1,78554.17014,221.3260765
90,24.34490435,35,0,45509.70594,171.5255944
91,24.7116377,46,1,66848.05168,202.2354877
92,25.16511489,37,1,69612.31795,208.3072075
93,25.27002328,46,1,63883.86715,225.8828917
94,25.44909227,46,0,69025.07933,207.1813811
95,25.67324184,34,0,37661.74228,181.3905137
96,26.12645506,51,1,93791.97344,244.5664414
97,26.32117471,34,1,34734.98132,177.4877315
98,26.57990458,50,0,70684.81448,209.7910662
99,26.64252413,48,1,54538.21728,182.5037722
100,26.657597,51,0,68557.98354,226.5429409
101,27.04349975,47,0,60427.40843,204.6582358
102,27.20720729,36,0,45500.22356,204.6005313
103,27.40194663,52,1,70533.5594,227.7098408
104,27.42247301,53,1,70128.52317,214.9751598
105,27.60317133,41,0,44594.40741,173.4630982
106,27.88866037,33,1,36375.55762,173.9621385
107,28.23110049,49,1,75264.98177,229.7027573
108,28.71665886,64,1,103089.3345,258.1625634
109,29.06763827,49,1,73118.11811,224.5300944
110,29.07341102,40,1,55836.80609,190.8432962
111,29.34117708,29,0,29622.7467,153.0514547
112,29.75946282,30,1,28331.35336,164.7880343
113,30.16289619,54,1,94086.53514,234.499764
114,30.20336251,49,0,74791.89652,207.5879279
115,30.32281716,38,1,66009.98306,215.720463
116,30.80581209,55,0,63311.27996,210.5209327
117,30.82464826,57,0,70279.29953,220.2128932
118,31.28285147,53,1,70060.51255,217.5205748
119,31.64596476,51,1,62008.75723,217.8400346
120,31.74635287,41,1,45694.5829,177.5485261
121,32.16645324,40,0,52395.34732,186.2561265
122,32.36478441,37,0,53456.44378,202.2929163
123,32.56113554,57,1,69022.66469,208.6312724
124,32.79741399,57,1,86297.32296,245.4206064
125,33.08924244,54,1,67408.48122,204.0072022
126,33.26543603,38,1,76822.1089,232.0603202
127,33.27967304,43,1,61370.07616,188.2313955
128,33.777217,44,1,40564.14042,186.8099704
129,34.25599623,39,1,64328.00239,221.0716658
130,34.53182182,50,1,51173.9749,182.5428835
131,34.5827988,50,1,51486.49732,204.714112
132,34.70175637,41,1,55882.13946,183.1289441
133,35.13180521,40,1,56516.41129,170.693178
134,35.50093585,44,0,60886.88404,205.3023179
135,35.74959198,49,1,56607.42818,211.3035172
136,36.03955252,34,1,46232.44116,184.1937528
137,36.04764422,41,1,46850.42567,179.5428034
138,36.28370916,41,1,47596.63032,218.5258655
139,36.30490402,37,1,34761.83624,150.01625
140,36.53648123,47,0,73694.80738,211.8440467
141,36.85147861,49,1,55288.95019,172.4729533
142,37.18810326,46,1,61155.3396,192.726276
143,37.23162059,39,1,45898.07137,181.9707036
144,37.30341249,45,1,58654.93413,216.7067446
145,37.75765174,48,0,78604.15265,236.1055264
146,37.81891804,40,1,72478.67446,198.3727664
147,38.18334943,46,1,70823.57644,215.7655808
148,38.65853802,51,0,77476.98486,221.0992307
149,38.68021598,49,0,84731.6942,246.2615468
150,38.69001563,45,1,61056.94065,199.0149573
151,38.78955186,43,1,53521.046,205.5463523
152,39.04209499,46,1,50768.49268,189.6205863
153,39.50528937,45,0,52563.77515,182.3980912
154,39.57449022,47,1,75194.42766,212.1636331
155,39.6590875,41,0,79827.41187,223.6802223
156,39.96240119,52,1,54611.07293,184.9588118
157,40.37033954,48,1,63908.32368,199.6532364
158,40.79203014,58,1,80144.44273,216.5235121
159,41.18606874,68,1,96766.13786,244.4618657
160,41.19557917,46,1,54185.40235,201.0660357
161,41.54462292,48,0,78387.18108,215.7532438
162,41.95216948,50,1,90338.64005,231.5802952
163,42.23636951,55,0,72131.14252,209.3249428
164,42.47640095,43,0,74480.90408,212.7155357
165,42.55708601,46,1,52469.43898,191.2102625
166,42.60171413,54,1,77039.95113,242.5603535
167,42.68305531,47,1,80348.04273,209.7864066
168,42.69641954,41,1,66434.18393,219.6898131
169,43.05123428,53,1,69722.61581,217.7240641
170,43.43174337,54,1,76501.28898,219.4993134
171,43.86048076,59,1,77791.68273,208.3042698
172,44.07911367,48,1,56073.85716,192.4035169
173,44.28768189,41,1,49965.29917,181.0289997
174,44.58050663,54,0,85056.83136,226.6742585
175,44.99299042,52,1,71718.08166,217.5610394
176,45.38956004,43,1,49179.58463,166.8223256
177,45.55263632,50,1,87368.95153,228.3413509
178,46.03160229,52,0,67641.29064,213.6165326
179,46.3581121,46,0,54423.48409,203.4685252
180,46.58745001,62,1,87547.30701,236.3203128
181,46.89046095,53,1,90404.14697,236.4988979
182,47.03482192,47,0,63280.56476,203.8730583
183,47.39373734,51,1,76505.36137,235.7758899
184,47.85543606,43,1,62308.24065,196.8828449
185,48.19290581,55,1,73980.70478,234.4138518
186,48.2858758,55,0,57182.60782,188.2126043
187,48.45990938,60,1,76724.07113,215.0281245
188,48.52166915,50,1,62553.54379,199.391559
189,48.57572726,57,1,88130.22579,240.9654867
190,48.72470386,47,1,73930.7504,217.2834631
191,49.14380381,45,1,61652.2498,204.7841996
192,49.64018936,44,1,53591.0579,184.3063482
193,49.85875656,50,0,78159.69258,213.0480301
194,49.96003885,48,1,61132.98108,201.7549643
195,50.4419746,57,1,68558.88883,203.013694
196,50.77216815,47,1,73256.88536,237.2637602
197,50.92122657,50,1,64735.20716,207.3603967
198,50.98085766,50,0,63717.98125,218.076735
199,51.28073346,47,0,74312.26518,206.1604321
200,51.34082874,37,1,46293.45352,200.7225839
201,51.73504474,62,1,91577.8056,248.0919934
202,51.91984278,46,0,51741.77868,184.4398344
203,52.3980042,54,1,88999.63157,240.5168608
204,52.85479253,53,1,67096.91508,201.1422291
205,53.2664607,45,1,81640.81668,220.9105488
206,53.42620178,51,1,65974.77631,220.4874596
207,53.86505194,37,0,49188.18835,175.9271995
208,54.26522744,51,1,79820.14985,235.2672328
209,54.57090576,52,1,91431.70715,243.2576299
210,54.60711633,54,1,59942.32175,193.2799945
211,54.81791018,47,0,72011.68203,206.0106576
212,54.99014298,54,1,67087.80323,207.6860055
213,55.36601083,37,1,67377.99068,219.5781467
214,55.47538649,59,1,84916.71897,235.1955304
215,55.62145347,46,1,70895.85427,226.5786414
216,55.79943016,49,0,81832.46644,226.0815023
217,56.11541112,55,1,76270.41143,215.0289835
218,56.56167665,48,1,81113.33692,213.5386372
219,56.93369304,43,1,57471.83624,195.655754
220,57.16230425,41,1,60224.63333,196.6029133
221,57.18035197,65,1,93726.38281,231.0409348
222,57.46460923,52,1,71425.41025,219.4855153
223,57.68411718,53,0,81134.89739,218.0059883
224,57.98435941,54,1,90571.24433,228.5358572
225,58.46005079,61,1,91012.55439,224.0189646
226,58.59476644,37,1,60819.67615,188.3507378
227,58.92418564,49,0,69377.8944,221.5644558
228,58.96242124,56,0,77331.61653,216.8081959
229,58.99806385,58,0,75512.64747,222.1141888
230,59.18322961,59,0,88716.7376,231.7632765
231,59.33178071,40,1,43675.83611,170.1934496
232,59.60731984,50,1,58721.8347,202.5176042
233,59.79226514,48,0,88234.7418,221.0087926
234,60.2151099,56,1,70914.29271,205.627261
235,60.52550526,44,1,34406.40488,167.0859471
236,60.72507527,47,1,60670.86303,193.5529034
237,60.87490603,60,1,90358.54204,229.7248376
238,61.06546595,57,1,65913.27129,194.6198974
239,61.41603342,53,1,63677.87947,194.3447095
240,61.88946606,55,1,82996.17167,238.2969393
241,62.27588022,53,1,86094.38659,212.6487963
242,62.3856553,53,0,78021.20312,230.3032795
243,62.74371049,48,0,61904.99519,197.0890995
244,63.07581947,56,1,66614.62484,214.9205745
245,63.42894457,43,0,67005.50674,199.470412
246,63.56875857,47,1,45111.68912,185.0357462
247,63.92488381,60,0,90719.33688,243.2159004
248,64.25535487,40,1,55355.70954,206.3151322
249,64.27586121,51,1,64124.40175,209.5502267
250,64.30643196,48,1,56803.5837,190.6215283
251,64.44631281,41,1,58737.85963,189.0993886
252,64.59729666,62,0,96911.67591,257.4185819
253,65.07560208,53,1,82764.4462,228.1867892
254,65.27051144,53,1,77094.46645,206.3278725
255,65.45640583,55,1,42417.67321,178.452302
256,65.87797707,62,1,69638.13128,215.1507539
257,66.30159458,60,1,78355.1603,207.7148053
258,66.46126015,63,1,78353.23898,238.5163697
259,66.52751317,36,0,49131.22734,178.5836342
260,66.83606773,38,1,56442.84961,185.0051682
261,67.23171999,51,1,74809.93313,200.7138886
262,67.40074434,55,1,78209.95641,213.412242
263,67.85346814,53,0,80366.73014,223.6169562
264,67.9522465,45,0,65213.03804,197.6735171
265,68.34928909,45,1,61825.6719,197.1013301
266,68.72659053,59,1,96221.3334,248.8484329
267,69.18228796,62,1,73775.5835,222.4890183
268,69.34363181,47,1,64095.33542,202.2902493
269,69.38671655,50,1,72543.69272,210.3301294
270,69.84231677,65,1,94703.72364,258.5314994
271,70.31990369,57,0,71921.41017,228.8132028
272,70.65547516,46,1,59796.0502,186.8522624
273,71.02796626,50,1,65964.51411,201.5967782
274,71.24797475,55,1,79360.60355,210.173624
275,71.30549445,45,1,72215.75716,211.7602728
276,71.64331585,58,1,87294.1176,241.3316056
277,72.0090956,50,1,57231.92242,218.4915899
278,72.25108806,53,1,71628.24411,213.3458033
279,72.33661207,57,1,94918.20778,226.8386291
280,72.67453634,43,0,60697.62502,201.32495
281,72.80603131,63,1,102632.1741,242.2125136
282,72.97677173,62,1,91236.43407,243.2673649
283,73.0818945,48,0,73994.28403,219.8312375
284,73.0900543,40,1,53416.54782,180.1434464
285,73.27843574,49,1,71643.60333,230.4099155
286,73.55958944,43,0,56110.64981,202.5425409
287,73.89958174,53,0,69228.00573,212.2968632
288,74.27227613,56,1,85786.65218,255.6329065
289,74.74731249,62,0,86823.4452,215.6520524
290,74.82885785,65,1,86439.76483,222.8762384
291,74.9912363,39,1,52985.61182,175.2454235
292,75.05759431,58,0,90144.59449,237.242549
293,75.37624303,65,1,79461.36232,211.4099213
294,75.54170784,56,1,70873.70865,211.6869418
295,75.86624763,56,1,87480.36116,239.1590568
296,76.0176918,56,1,64803.60673,191.2478849
297,76.05330844,46,0,69414.6301,192.9641252
298,76.38450367,47,1,82133.23132,221.2929923
299,76.76430545,59,1,69767.77181,225.5794516
300,77.04098554,46,1,63536.8068,200.1169923
301,77.31062159,60,0,83498.90029,210.4292373
302,77.73541775,48,0,61946.73996,169.0062928
303,78.06203073,50,1,96901.67992,244.3713472
304,78.5374736,50,1,79499.66387,229.9211948
305,78.84608513,50,1,67564.50411,191.1577454
306,79.09250545,46,0,65580.00054,208.87052
307,79.58050873,50,0,78152.3111,226.3299972
308,79.82568134,45,1,67028.22161,204.331333
309,80.15326749,55,0,90948.47972,230.5885776
310,80.45266838,61,1,88293.50789,237.5083489
311,80.92645289,50,1,57638.17961,193.8288698
312,81.11045864,67,1,96031.00959,238.8012123
313,81.54955215,54,1,90628.29647,228.8107537
314,81.77698968,54,1,82764.43565,230.9828351
315,82.02522319,66,0,109379.2486,255.1285244
316,82.255531,56,1,72201.92186,216.0314615
317,82.56448509,63,1,84497.14867,222.3830376
318,82.86655684,62,1,79026.7455,203.9930567
319,83.25949664,55,1,85030.73334,225.5482744
320,83.53713088,58,1,94262.5939,233.7668176
321,83.92162005,49,1,60120.87203,190.1369274
322,84.12376288,45,0,57092.23498,196.8728173
323,84.37912279,52,1,61641.32908,181.3945025
324,84.64089101,61,1,87267.0701,227.3313145
325,85.13729061,50,1,74796.69763,189.9380749
326,85.35211433,58,1,82130.46442,210.97028
327,85.85011995,59,1,88950.77531,234.2312907
328,86.24342008,53,0,85624.58488,217.8470266
329,86.50137539,54,1,77043.33934,208.6476168
330,86.75271938,54,1,90927.94552,225.061055
331,87.20853812,69,1,102660.8176,243.8883554
332,87.34074607,65,1,91559.25215,246.9805426
333,87.4276745,55,1,88122.01482,252.9164606
334,87.62784013,57,1,64121.61756,195.3551568
335,87.89701882,57,0,91485.56979,238.6964234
336,88.01950101,44,1,77864.86634,191.338024
337,88.20742649,50,1,72462.3962,203.4002254
338,88.49755326,59,1,84965.92924,222.0317294
339,88.60203092,53,1,71027.98341,206.5653965
340,89.00269592,56,1,81725.76372,220.2530967
341,89.32209713,50,1,72741.48637,211.1230936
342,89.69026251,54,1,75897.32051,209.3662698
343,89.90966871,58,1,85032.54499,223.0783499
344,90.1995749,51,1,77132.89977,221.1844371
345,90.32759691,53,1,75082.39165,216.0996486
346,90.55945602,50,0,72134.12494,204.2229476
347,90.64376345,65,0,96560.01384,236.4991667
348,90.95071072,58,0,81797.56786,228.9051023
349,91.42976203,48,1,61177.33146,179.7989223
350,91.66885939,49,0,49709.79021,189.764079
351,92.04443906,56,1,62936.46458,189.765879
352,92.05473067,60,0,89412.94802,225.8560947
353,92.14021518,47,0,65663.02253,190.4551263
354,92.46019843,50,0,65823.12046,204.9956068
355,92.54268767,53,1,77061.69001,230.2653092
356,92.72004906,48,1,33705.62274,180.9896454
357,92.81326229,43,1,57883.7042,203.5357592
358,93.26209038,48,1,48288.15868,189.9288951
359,93.3809823,69,1,107621.7722,255.5780715
360,93.87345405,51,1,69583.22533,232.5533386
361,93.88411941,69,1,93842.29325,253.352242
362,93.9378889,43,0,59980.45039,184.1221302
363,94.06030231,46,1,75054.73461,221.5221867
364,94.42148351,56,1,81240.46707,210.2020069
365,94.43785099,54,1,89653.50566,226.2201592
366,94.71252598,65,1,91335.61349,218.5896753
367,95.05393032,57,0,77312.23301,205.9150563
368,95.20405077,57,1,83658.90215,238.8889439
369,95.398438,57,1,82876.06273,224.0574738
370,95.76466108,52,1,49628.72981,191.5054214
371,96.24590929,59,1,94992.77687,241.8823434
372,96.62620737,69,0,92303.27761,227.8185232
373,96.91704395,50,1,72251.38511,203.8077372
374,97.14848045,50,1,77633.39186,216.4182807
375,97.32663526,54,0,76250.4729,202.1226705
376,97.51859617,59,1,75194.89824,224.6913346
377,97.62148668,49,1,78839.69231,225.651858
378,97.69087687,48,1,76563.33898,222.1080277
379,97.88541794,48,1,63991.9064,187.0454312
380,98.01844105,58,1,84477.61687,230.8366045
381,98.37008919,46,0,54993.4169,180.7024199
382,98.57402828,69,1,75909.44399,215.383446
383,98.70681037,59,1,65460.4525,191.6645353
384,98.9072993,64,0,81737.13648,218.9302861
385,99.00595587,64,1,93575.33755,230.7847282
386,99.42092171,56,1,78230.05575,217.9966966
387,99.68491558,58,0,92039.78657,240.0204057
388,99.88248067,55,1,73575.14985,201.997745
389,100.169464,47,1,67300.9179,189.787822
390,100.65495,54,1,64219.65113,207.2806215
391,100.9800249,60,1,92506.34279,237.7493296
392,101.1468255,61,1,75888.06875,212.5402012
393,101.3125492,53,0,69432.23118,196.6838063
394,101.7837666,58,1,77140.49839,202.3123768
395,101.9743229,39,0,37298.1603,150.7365082
396,102.2564848,62,1,93531.94158,224.2394085
397,102.5122427,51,1,71474.80096,210.0840414
398,102.581673,54,0,82954.66772,216.9354517
399,102.7015677,64,0,89699.20589,232.2097037
400,103.0605722,60,1,74128.76164,223.7215916
401,103.2091841,47,1,57226.97952,186.5068504
402,103.4648028,60,0,93045.63411,223.3425156
403,103.6036582,49,1,76759.00803,200.4735352
404,103.7839866,64,1,78056.7333,216.7565128
405,104.0027505,56,1,82556.97841,213.4109737
406,104.4042839,51,0,61200.20283,189.6358932
407,104.6645888,44,1,64421.374,201.1896361
408,105.0126648,47,1,67730.90595,201.1889412
409,105.4365833,70,0,87032.47415,224.9327397
410,105.8594379,59,1,91992.96108,216.1161998
411,106.0553758,56,1,72654.62034,207.597948
412,106.1321326,71,0,97601.36204,230.8547102
413,106.4518455,60,1,77074.77623,206.7371905
414,106.595431,62,1,91950.23868,233.395973
415,107.0596,59,1,95457.53729,227.5470033
416,107.137418,45,1,71706.30879,215.104696
417,107.6193389,50,1,61122.91381,179.0788613
418,107.6199691,52,1,65406.59122,204.8319656
419,107.9737322,47,1,68221.94202,206.7977005
420,108.288826,63,1,89051.53115,238.1126456
421,108.675365,57,1,96079.1592,244.6263361
422,109.1216685,57,1,73552.96322,192.7332247
423,109.3772705,60,1,77574.91949,203.1319145
424,109.7517711,60,1,92663.90182,222.0812144
425,110.214961,48,0,83586.61205,207.6550843
426,110.2608377,59,0,87266.07324,221.0689197
427,110.5091655,54,1,66506.76599,194.0942799
428,110.6079161,59,1,74126.01928,199.948105
429,111.1049825,56,0,71293.18067,203.3682323
430,111.1233931,63,1,76887.93066,209.2593177
431,111.2321746,66,1,91127.95315,246.6099899
432,111.6776427,46,1,69104.35838,205.1097775
433,111.7371109,47,1,69788.5283,206.9251463
434,111.9216304,74,0,95149.49885,234.6795264
435,112.0028186,61,1,94597.75595,244.6924819
436,112.0861644,51,1,56648.05231,181.7725313
437,112.5724167,53,1,94826.11239,217.9108385
438,112.9776166,63,1,91307.93794,221.9875773
439,113.4542804,60,0,71996.15173,216.7473313
440,113.6542357,45,0,57683.11319,194.9823045
441,114.0803593,46,0,57148.16417,199.0585353
442,114.1126208,52,1,69086.57592,192.6661247
443,114.2638851,61,1,93946.45069,223.0900854
444,114.5091216,76,0,96294.40874,214.8059687
445,114.8322522,56,1,56613.23396,199.9180135
446,115.0875694,63,1,76518.19204,223.836366
447,115.486199,59,0,85944.37694,219.3315049
448,115.7687035,53,1,59553.73206,161.8324704
449,115.9454654,72,1,92994.75885,224.3242864
450,116.2750154,51,1,72136.55649,191.4100754
451,116.3946527,54,0,81878.72516,214.4516636
452,116.5272581,53,1,61983.48765,185.5951644
453,116.7863925,52,1,78029.09798,221.0278277
454,117.155348,51,1,82156.24794,226.8733891
455,117.5451534,45,1,72927.77859,199.1163217
456,117.6025006,63,1,92096.51672,243.6687961
457,117.9086873,58,1,85831.73999,218.8520068
458,118.3641554,48,0,54373.658,173.8134888
459,118.6811661,70,1,94185.00489,235.9868135
460,118.8184981,48,1,79797.32323,204.7790846
461,118.9949158,46,0,61496.33515,193.7418628
462,119.3303305,56,0,80558.3304,233.4575367
463,119.7836862,57,1,73294.81548,192.1621185
464,120.1488041,59,0,79402.04147,213.9121016
465,120.6086876,66,1,98158.43062,231.0674034
466,120.7999042,60,1,80493.43484,216.334155
467,121.2269745,61,0,66368.60269,189.5473659
468,121.2543415,76,1,106220.499,228.2281485
469,121.3813345,63,1,90692.72193,234.8413605
470,121.564899,51,0,62394.38955,202.1402375
471,121.7451842,64,0,88955.44921,212.7052832
472,121.8854425,56,1,85334.1061,207.9106813
473,122.0797888,60,0,74236.4351,222.4134931
474,122.253856,49,1,83580.87284,210.9993306
475,122.3933175,40,1,56795.41081,168.1961783
476,122.7938616,49,0,87260.22642,204.5769482
477,123.2913685,67,1,97268.6491,221.7154854
478,123.6679895,64,1,89319.74574,223.3265349
479,123.969661,65,1,79384.44319,199.1872291
480,124.266635,53,1,75525.8769,199.7846586
481,124.5577802,65,1,94518.25223,224.2969408
482,124.6771098,63,1,76369.2307,200.2359406
483,124.904252,48,0,66750.49535,198.1013265
484,125.4020103,59,1,94575.32807,238.2489591
485,125.4433833,68,0,94470.58238,209.0828916
486,125.4693363,61,0,81314.39363,214.9964784
487,125.7162349,55,1,79115.59473,214.0739023
488,125.7432317,62,1,55999.57404,195.185637
489,126.218456,51,1,76092.45106,223.4694462
490,126.5350517,55,0,78306.43169,216.7232169
491,126.6700202,60,0,71450.72037,192.8001988
492,127.1684267,55,1,65320.38952,190.8048886
493,127.3478287,62,0,108268.5802,261.8604289
494,127.5337098,56,1,72914.20849,208.2339059
495,127.698823,63,1,105083.7374,250.2031281
496,127.7510207,50,1,57851.06033,190.7297786
497,128.0409714,66,1,85685.56018,210.7065174
498,128.2075162,49,1,69244.41235,205.1408788
499,128.2094049,60,1,75495.25399,213.7546082
500,128.706703,54,1,82968.14781,214.146758
501,128.8913204,50,1,82914.08287,214.1428606
502,129.0014367,62,1,93506.41739,231.6782958
503,129.3730165,64,1,86535.11985,235.053111
504,129.5259951,62,0,64803.96844,207.3624175
505,129.7270995,48,1,63724.06969,175.2982856
506,129.9238853,59,0,89819.09503,230.5682313
507,130.1442635,71,1,101182.1598,228.3056935
508,130.530666,59,1,69052.88552,204.0228127
509,130.6354506,62,1,78806.44057,204.8720265
510,131.0095119,60,1,88005.60768,224.2490658
511,131.3021895,57,1,71488.71802,210.0821491
512,131.4644131,62,0,89510.1132,219.0653289
513,131.6519368,50,1,66155.0677,183.8373191
514,131.6654054,59,1,76925.63516,216.1466408
515,131.9070728,59,1,81590.09476,208.8544178
516,132.3921131,67,1,94019.29173,222.3008033
517,132.3923106,67,0,88399.22278,214.2622586
518,132.4451619,54,0,63107.22272,187.813583
519,132.6651335,69,0,106841.6901,254.4789535
520,132.8212828,64,0,98382.80509,258.9366718
521,133.3069493,61,1,76065.35334,201.5151557
522,133.5995837,62,1,100409.2666,221.8038729
523,133.966548,61,1,84846.59139,232.798938
524,134.2983116,54,1,79056.52187,200.0214414
525,134.6598038,43,0,55856.0146,186.495859
526,134.7153113,76,1,105410.4324,245.669221
527,134.8246009,62,0,93618.09982,224.8184008
528,135.1358841,58,1,92512.33493,235.3429201
529,135.6155243,76,1,87858.25013,210.3065388
530,136.0216821,55,1,89964.9793,208.7260306
531,136.0327636,62,0,82772.67924,218.7347694
532,136.3740331,64,0,99434.76282,228.6322688
533,136.7894269,51,0,76876.19345,212.6920266
534,137.1933301,62,1,80372.98993,194.7605529
535,137.6142527,63,1,74746.47765,200.9715328
536,137.7080865,59,0,83749.83465,217.5184852
537,137.7555589,57,1,70823.55033,190.2870048
538,137.9799665,59,1,80628.73859,208.9085795
539,138.2802067,68,0,88823.55477,210.078436
540,138.7119929,55,1,83717.69213,193.1729307
541,139.1377208,50,1,64868.68169,181.5316161
542,139.4866114,53,0,86421.60373,212.5468181
543,139.8085975,55,1,71169.22147,189.7564118
544,140.135946,47,0,67697.87587,205.7609133
545,140.5761235,68,1,99925.76913,233.8026254
546,141.0045921,56,1,71951.47812,194.6773881
547,141.4280069,65,0,77763.16193,217.7333886
548,141.5912674,68,0,90084.46408,197.2283396
549,141.864768,64,0,89844.50297,241.9976003
550,142.231956,50,0,73514.97756,202.7275611
551,142.6346038,64,0,82900.30663,207.8507407
552,142.7378238,59,1,78229.62407,199.8400908
553,143.1779046,66,1,88322.81069,224.2254546
554,143.3759428,73,0,112189.2034,250.9178717
555,143.8674463,59,1,73569.22263,190.8707462
556,144.1481573,66,0,106796.4757,248.5390539
557,144.6024645,58,1,97173.08036,230.0038327
558,144.9600314,62,1,87582.24951,225.5918503
559,145.0778496,69,1,83709.8709,209.2192858
560,145.0798022,65,1,99430.93639,236.8041095
561,145.3194924,56,1,67203.9348,165.7229632
562,145.755559,69,1,104613.6533,239.1615471
563,145.8867226,55,1,93457.16754,220.5448685
564,146.2184249,57,1,83172.81237,219.5947513
565,146.6582473,57,0,84514.77666,219.0739713
566,147.1139999,56,1,64064.19106,190.2793863
567,147.3091591,68,0,88947.45973,210.6107644
568,147.7417345,55,0,83354.59491,216.1850313
569,147.9990438,69,1,92272.07359,239.9650313
570,148.3696432,56,0,75090.58037,187.2245494
571,148.8497465,54,1,64297.39802,192.2887248
572,149.1346015,52,1,81383.758,204.5727773
573,149.2901513,55,1,62631.43408,182.7043635
574,149.6618021,59,1,84637.97717,214.5171816
575,149.8870386,59,1,66959.94761,201.4277976
576,150.1239845,53,1,53594.84207,173.3231035
577,150.3611928,58,0,81076.77834,203.3703181
578,150.7315455,53,0,71908.26889,210.7924025
579,150.7851418,53,1,65483.95801,195.7981727
580,151.1062322,46,1,42521.62887,159.4671239
581,151.3173242,55,0,84970.69317,229.1410146
582,151.7175788,70,1,99874.92739,216.2173283
583,152.025973,58,1,86337.10523,237.1603177
584,152.1506571,50,1,64308.75095,198.9803678
585,152.4912688,61,1,98251.40154,220.0401924
586,152.6651381,67,1,103903.873,243.3169102
587,153.11087,59,1,84437.95264,210.4952242
588,153.4394897,59,1,85095.4727,223.602603
589,153.9088224,59,1,78754.96479,203.8135144
590,153.9759112,54,0,83953.69014,200.4182141
591,154.4621412,50,1,79181.96462,195.5793138
592,154.6375155,71,1,92011.15411,209.3901085
593,154.7560156,60,1,85874.69344,204.135608
594,155.06383,60,1,83132.44491,200.8590244
595,155.4373968,63,1,86968.7591,219.4852158
596,155.919156,61,1,94289.31686,225.1549522
597,156.3854983,70,0,101529.1975,214.3774588
598,156.7815917,64,1,87576.94592,203.4590535
599,156.937459,51,1,69009.92242,184.536305
600,156.9841658,56,1,89201.10355,210.308045
601,157.0878127,63,1,101807.9825,233.3222647
602,157.1036958,60,0,88459.41101,210.2434467
603,157.3935486,59,1,98198.41976,225.6211352
604,157.470651,51,1,75045.24934,192.4176999
605,157.5332863,55,1,81336.77156,185.083415
606,157.6072792,54,0,91458.34932,223.1410742
607,158.0639505,55,1,68974.18576,189.7129516
608,158.1926657,72,1,121429.1169,265.0782559
609,158.4638983,73,1,106666.7534,237.3568817
610,158.7884096,62,1,87060.75638,221.7200201
611,158.8630067,53,1,76695.10794,205.0861158
612,159.287477,70,0,97750.68962,218.4579789
613,159.4342295,54,0,66254.82754,203.401249
614,159.7103005,58,1,64803.0306,190.7629112
615,160.1468679,64,0,84931.58281,215.2971102
616,160.4703602,73,1,97629.14935,230.605729
617,160.6689519,57,1,93819.32723,222.9122961
618,160.6837186,71,0,101527.4971,225.0649256
619,160.8621482,62,0,107964.4675,238.8780273
620,161.2114205,53,1,57759.13473,183.7715943
621,161.3611447,59,1,78680.72014,208.6687494
622,161.7635807,59,1,67885.28402,186.3872195
623,162.1507202,52,1,76316.59334,214.4240523
624,162.2562878,71,1,85069.97956,230.9632667
625,162.4448695,69,1,109166.4212,252.8598078
626,162.6005563,69,0,98561.86636,221.3036439
627,163.0493432,62,1,77051.69708,189.8247329
628,163.2575739,50,1,61335.3282,198.1111569
629,163.6755159,61,1,83837.59077,206.8745408
630,163.8362358,65,1,98209.74049,217.4452167
631,163.9049342,59,1,92555.58184,210.1572144
632,164.2137906,66,0,88458.99105,209.2849974
633,164.5514989,69,1,103692.9933,240.6211876
634,164.6877149,68,1,99628.7937,230.9619649
635,164.7808184,54,1,70090.88336,193.136455
636,164.9459816,69,1,96705.70108,223.5188061
637,165.0068916,66,1,94394.09383,201.6460259
638,165.1246569,62,1,77320.95839,210.5800803
639,165.5910802,68,0,85295.08357,227.1358969
640,165.9823509,59,1,100890.2968,222.7564664
641,166.2082335,51,1,47709.34362,164.904013
642,166.2636335,62,1,97026.71029,225.7541611
643,166.7079724,66,1,106990.4016,257.1973705
644,167.1147662,55,1,83156.35023,225.6666656
645,167.2131596,56,1,92407.66949,209.4521079
646,167.5132708,52,1,79846.59488,212.5011103
647,167.5332497,61,0,97704.79486,233.5712851
648,167.7701307,64,0,97825.3608,237.7366895
649,168.1586132,54,1,85614.49949,221.319233
650,168.4485297,51,0,67353.72702,198.9737506
651,168.6095255,64,0,98876.3977,245.2488766
652,169.1062197,54,0,63079.73752,183.0640366
653,169.3543544,72,1,88909.99157,225.911707
654,169.6950786,75,0,121138.7582,259.4286914
655,170.0640399,59,1,78101.41424,221.6800102
656,170.5178464,60,1,76058.99232,193.7835624
657,170.738586,54,1,75097.9826,199.5654876
658,171.1126481,74,1,108170.3415,262.1710412
659,171.489907,72,1,78443.80699,220.6707334
660,171.7125868,66,0,85618.55703,216.1272001
661,171.8957748,47,0,68367.27703,175.1449808
662,171.9353233,53,1,74909.19513,193.5645135
663,172.0379209,64,1,104301.4431,221.9679469
664,172.4804213,57,0,97666.10634,228.5410862
665,172.9388821,72,1,102867.2917,222.0738688
666,173.2476643,75,0,100149.1916,226.2954014
667,173.4306848,53,1,79798.43879,215.2422465
668,173.7686281,58,1,81234.78581,198.5343067
669,173.973838,54,0,84774.60923,201.7495094
670,174.3085056,60,1,88644.55303,222.3374419
671,174.7635803,66,1,80218.17974,217.3567319
672,174.971018,57,1,65673.21747,191.8336996
673,175.0474938,69,1,99355.10385,225.4357645
674,175.2362307,55,0,80596.15968,204.4588695
675,175.4691258,56,1,96014.10358,217.8559513
676,175.5912612,61,1,71251.62231,189.4624414
677,175.6503709,64,1,78978.95671,195.1467778
678,175.6545121,65,0,95732.57397,221.5722754
679,175.9799465,72,0,113479.9418,253.7271905
680,176.0082293,54,1,81802.47119,208.7097326
681,176.0732839,67,1,103765.1656,225.7053898
682,176.5536288,69,1,90985.42944,219.2391351
683,176.6834146,62,1,79246.86601,193.3987413
684,176.6879479,46,1,72516.87193,205.0274151
685,177.1843832,70,1,83848.30318,217.0953726
686,177.5108351,84,0,128497.7558,259.9671061
687,177.8730775,70,1,107071.2418,216.3818052
688,178.2302185,68,1,96749.05558,212.888378
689,178.6427306,62,1,91013.14449,239.5703318
690,178.7168531,79,1,115447.6527,245.6780803
691,179.0543548,63,1,80219.87593,200.255194
692,179.4777913,62,1,98816.26515,234.3064619
693,179.9740838,70,1,85206.26741,200.2429763
694,180.1261303,69,1,98761.19013,209.9496861
695,180.1988278,63,1,94368.83238,213.9957138
696,180.4583463,54,0,86897.66756,208.6774445
697,180.8744224,65,0,92685.72004,225.447343
698,181.3335082,61,1,85717.66357,209.1330761
699,181.5075601,56,0,89932.60112,194.7057169
700,181.6739048,62,1,82450.91428,191.3920254
701,182.0933383,66,1,87773.86092,212.3010817
702,182.3164581,63,1,89123.23265,223.1628957
703,182.6637549,61,1,81566.36585,195.8456085
704,183.1151603,71,0,100290.2714,225.3468316
705,183.1298974,62,0,75575.23318,218.1563492
706,183.3658012,52,0,74207.22636,208.6629744
707,183.5702463,52,1,87439.15867,209.4096593
708,183.7387165,57,1,71082.09399,211.4488003
709,184.0703542,56,1,61658.64862,164.9638632
710,184.5069222,60,1,85191.51756,209.7247193
711,184.5503019,62,1,91908.08342,233.3034473
712,184.7176237,66,1,100358.2965,223.5717955
713,185.1844981,70,1,75692.0501,188.5294544
714,185.6437946,66,0,93296.3118,197.3285752
715,185.9871712,65,1,114023.8512,249.321578
716,186.178943,47,1,75480.67863,201.6469577
717,186.1834341,62,1,98306.1787,219.3524144
718,186.5434035,68,1,94850.70755,222.435135
719,186.7838668,53,1,86782.58384,189.1187131
720,186.7857282,66,1,103542.7092,235.7973935
721,187.071784,49,1,67589.35524,190.4008488
722,187.1121115,58,1,84684.26823,199.7018125
723,187.3020569,51,1,73838.65393,206.3033769
724,187.8018187,53,1,55925.34103,166.0587162
725,187.8505525,57,1,92379.57702,221.5563939
726,188.2526605,63,0,86299.01638,208.4937334
727,188.2947753,65,1,81636.68572,209.2504091
728,188.7333665,66,0,86370.41594,204.0264149
729,189.2246379,65,1,102917.5326,230.4619735
730,189.5295646,49,1,59175.10033,177.5680382
731,189.8719811,59,1,78270.98746,197.075418
732,190.1192787,44,1,62100.47721,184.0818693
733,190.2572732,63,1,95344.12182,209.4630859
734,190.2591338,54,1,76970.99904,211.6943699
735,190.5913469,53,1,69667.62071,176.8603407
736,190.8654864,64,0,106113.7135,224.5966112
737,191.1635032,56,0,83764.78056,215.6444056
738,191.3176764,56,1,70426.6354,200.003106
739,191.766321,69,0,107238.039,248.7906246
740,192.2243996,62,1,92478.25529,210.1060251
741,192.7102449,60,1,98024.38975,211.5349294
742,192.881433,69,1,96008.35626,217.7339009
743,193.3456474,50,0,62915.59906,188.9932158
744,193.8049636,72,1,80543.47814,210.4500877
745,194.1506868,61,1,91717.92051,211.3021371
746,194.5356487,79,1,126012.2695,251.9302238
747,194.836747,57,1,73002.43232,198.4462909
748,195.2214078,54,1,88739.82355,211.1611248
749,195.2703993,53,0,70983.31944,186.4474391
750,195.3862755,57,0,76249.68758,197.8042569
751,195.7396932,65,0,77362.71839,209.1487605
752,195.7541042,53,0,69229.70469,188.385163
753,196.0696753,59,1,72779.42851,185.1122473
754,196.4057542,65,1,105431.8496,253.9253283
755,196.6321971,62,0,97801.9216,227.2301434
756,196.9701465,60,1,106083.7459,229.5017908
757,196.9748432,65,1,92210.80802,217.3884221
758,197.0065833,55,1,58082.24082,169.618175
759,197.1461999,65,0,84607.59666,203.9128654
760,197.3801434,58,0,83802.0235,216.5575535
761,197.768372,63,1,87830.13902,221.2467368
762,197.9518342,75,0,107305.0011,236.2888863
763,198.4021942,53,0,63536.34526,176.2264969
764,198.6628968,56,1,71998.26949,193.4793301
765,198.8077015,57,1,74065.84214,186.9197356
766,198.9299932,61,1,97775.06503,235.8240739
767,199.2245598,54,0,74881.44327,201.8062393
768,199.414938,57,1,72465.10177,198.1926053
769,199.7676447,64,1,95701.21574,214.1757648
770,199.8256651,55,1,86064.93236,208.1053365
771,200.1248925,65,0,71274.72813,208.1722813
772,200.5479291,57,0,67574.66738,181.3941363
773,200.7233611,63,1,89589.44996,207.7603521
774,200.8814446,61,0,87210.97759,208.8730342
775,201.2715426,58,1,73675.69855,186.4591907
776,201.3989376,49,1,89857.97917,205.8327613
777,201.8190377,50,1,77975.5713,188.2266036
778,202.1947341,70,0,87031.07553,192.3187058
779,202.3491253,71,0,105282.9196,227.9315339
780,202.5781487,64,0,87321.47357,222.5810312
781,202.7855977,55,0,80815.53563,207.5522303
782,202.9481057,69,1,108187.7045,230.3985638
783,203.015914,64,1,85902.31681,212.7694469
784,203.4709695,69,0,87464.62022,209.2293826
785,203.5461619,69,0,97156.28776,244.6749469
786,203.9651234,63,1,105297.8658,238.0812162
787,204.2372601,61,0,80245.66948,205.6503676
788,204.2952365,62,1,89373.08943,220.1138274
789,204.3173511,67,1,86077.63096,209.0053402
790,204.4586979,72,1,108673.6161,247.0542917
791,204.8993298,60,0,87987.1561,206.9961758
792,205.3178037,65,0,108105.3501,247.7639273
793,205.3466846,48,1,51912.47902,170.7279332
794,205.3710452,66,0,114080.5747,240.4661739
795,205.5293633,74,1,130165.941,252.3171016
796,205.5950794,69,0,78506.43922,211.4316641
797,205.6128856,73,0,104280.0626,218.2733982
798,205.6733029,72,1,117175.0179,250.5068692
799,205.9572442,60,0,80764.30841,201.5833316
800,206.0209147,57,1,64766.23421,182.1776567
801,206.3999408,68,0,84068.9052,202.6460522
802,206.4496539,61,1,70697.4374,191.1040312
803,206.5646209,61,1,86466.7546,206.930194
804,206.786434,64,1,93095.52235,215.1473985
805,207.0442865,63,0,103482.8774,234.395234
806,207.5067336,64,1,83029.1654,197.0255517
807,207.528962,64,0,96977.78286,238.991732
808,207.6035403,64,1,82542.59095,207.2468229
809,208.0276272,66,0,81929.24552,185.4213149
810,208.1041052,55,1,69955.48203,199.5506804
811,208.5165886,50,1,80474.90044,199.0578743
812,208.9481847,69,0,94625.37061,209.5510811
813,209.275364,57,1,74652.99224,189.3612134
814,209.2863683,66,0,76649.98637,187.8681975
815,209.7853398,55,1,84242.80044,225.9797705
816,209.8591635,69,1,102330.3962,222.3459669
817,209.9004424,54,1,82309.41822,207.3707684
818,210.299289,69,1,89953.50223,216.7532388
819,210.4713217,55,0,69530.33661,197.1641872
820,210.8356247,66,1,79145.41876,194.4826048
821,211.0061495,74,1,97785.33389,230.2607146
822,211.4365646,62,0,75599.46926,198.7124707
823,211.6401764,66,1,84965.92193,223.8474307
824,211.9244566,71,1,105439.9035,224.8884205
825,212.3752318,61,1,81899.06621,204.4272112
826,212.8428641,54,1,88362.69459,205.202934
827,213.2664641,69,1,109168.6459,238.5446343
828,213.4734756,79,1,105218.5608,249.338061
829,213.6471928,62,1,103476.3642,243.7235086
830,213.875642,52,0,66098.68647,192.0358753
831,214.3275293,73,1,108456.9727,227.1730003
832,214.5076681,57,0,87785.02175,215.5398893
833,214.7972427,68,0,90622.81132,209.3594381
834,215.1113342,67,1,84119.74898,202.4684298
835,215.4680776,66,0,92675.89093,225.5425238
836,215.4791078,60,1,65692.47223,187.4615117
837,215.7275611,49,1,72412.68528,186.5286937
838,215.9478125,46,1,66690.45272,184.099237
839,216.2266835,54,1,79134.76148,213.1882489
840,216.3144929,63,1,87036.18274,222.3069079
841,216.5962864,73,1,110726.9659,255.8350733
842,216.9011126,60,0,71037.52379,190.8917718
843,217.220619,59,1,73237.413,177.0519944
844,217.6171135,73,1,119523.9602,255.6334367
845,217.7903366,61,0,83573.12344,221.9167141
846,217.9570882,53,0,80975.79937,204.2745943
847,218.4508238,67,1,93446.97036,215.8019071
848,218.8090492,60,0,84705.10588,201.6579687
849,219.0145676,66,0,91330.76167,222.6290924
850,219.2996893,66,1,98769.09522,216.2206072
851,219.3521641,62,0,84100.74702,212.7564988
852,219.7857984,71,1,82909.23353,211.7375176
853,220.0247374,59,0,62039.05399,182.83418
854,220.1640207,60,0,73506.41671,185.4070107
855,220.3955311,63,1,88101.2061,213.7096622
856,220.4160735,55,0,71142.57306,191.1776069
857,220.853247,72,1,91446.42553,209.6758119
858,221.2249161,61,1,85568.11901,207.7064665
859,221.2612325,61,1,95583.62049,230.9639392
860,221.474215,68,1,96133.49037,238.5599827
861,221.7321021,63,1,81306.01863,213.6849011
862,222.1014544,70,1,102728.6083,234.8694302
863,222.2354646,64,0,97696.4845,205.7483209
864,222.4791142,59,1,82427.48302,188.7423119
865,222.9603119,61,1,87150.07664,182.5816983
866,223.3812545,77,0,108119.8903,245.5426461
867,223.5153086,65,1,88758.22104,207.9095292
868,223.6456784,71,1,109614.4354,225.0523488
869,224.102371,64,0,90853.08564,213.8196785
870,224.4019246,63,1,81334.5884,186.0539348
871,224.4337588,59,1,96018.59142,219.1854804
872,224.792442,55,1,82374.56783,209.9918735
873,225.163514,62,1,94294.98656,194.5993095
874,225.2948675,63,0,75652.74934,186.9070648
875,225.5598788,71,0,90793.6671,206.6440936
876,225.9620567,68,1,94465.23662,219.8225913
877,226.3259662,55,0,93681.73694,196.302785
878,226.7586635,60,1,88995.70595,216.6461317
879,226.7818615,66,0,99393.36697,215.7573144
880,226.7859022,71,0,94499.63872,212.1753188
881,227.255597,62,1,98873.52992,218.8159365
882,227.3764283,68,1,103526.6139,216.4505616
883,227.8262817,61,1,83082.11016,198.1378947
884,228.0819558,74,0,95557.61886,226.2905358
885,228.4304234,63,1,93053.89588,228.8547543
886,228.908951,75,1,124357.8645,240.7239605
887,228.9360347,63,1,75652.75689,175.3002914
888,229.0008336,67,1,93358.34362,232.4239095
889,229.3849358,67,1,86487.44479,209.4072404
890,229.8155933,65,1,82518.64957,212.5731354
891,230.1795296,61,0,68645.54517,160.268001
892,230.6316317,58,0,105688.6849,235.399874
893,231.0023874,62,0,73734.26018,190.9245042
894,231.0831432,67,1,84902.8499,208.8070139
895,231.324368,71,1,72172.51953,177.1680716
896,231.5293927,68,0,93852.18487,212.7123171
897,231.7623463,66,1,93668.96512,189.0483253
898,231.9840959,57,1,103114.0979,220.8244752
899,231.997358,59,1,73861.28498,169.2949856
900,232.3243341,69,1,93301.37917,221.1430794
901,232.519626,51,1,81536.32096,207.0362933
902,232.5327379,66,1,104057.3738,211.966323
903,232.6782381,67,1,89706.58718,220.3567673
904,232.6784625,70,1,96030.63083,231.438801
905,233.001196,72,1,111708.3298,240.9040724
906,233.4146583,72,1,110213.7561,219.8002073
907,233.7921145,61,1,74186.00554,190.454303
908,234.0495234,54,1,70517.52276,193.5183676
909,234.359323,55,0,72394.08251,187.5687837
910,234.5583177,70,0,93522.0809,194.4317985
911,234.7735863,63,1,87675.66532,196.6696616
912,235.0909488,61,0,75390.71111,212.8590485
913,235.3308454,59,0,83408.51938,197.4115859
914,235.6105271,56,1,77151.98046,173.4170322
915,235.8653988,82,1,127912.0798,245.7542799
916,236.2786538,63,1,84043.25044,206.8538658
917,236.5587027,67,1,96398.98535,193.937855
918,236.565343,61,1,76571.94188,196.2773128
919,236.8031399,45,1,61231.57128,186.0420765
920,236.8213608,71,1,92773.69092,202.6444735
921,236.9437779,66,1,90778.70025,221.3928198
922,237.4211215,66,1,88356.71637,197.0292602
923,237.5559341,63,1,84726.97312,206.699759
924,237.5795407,67,1,99304.1074,211.6977759
925,238.060393,67,0,91480.26123,193.8231724
926,238.0809813,57,1,77954.96768,188.289138
927,238.3652671,59,0,93509.55161,214.352767
928,238.6099548,71,1,111538.3135,237.3989864
929,239.0177961,62,1,85009.46575,200.9072228
930,239.2809127,57,0,71384.56376,179.8201161
931,239.6993317,69,1,100473.2298,225.1991047
932,239.7352448,58,1,72727.90945,187.1243578
933,240.1080239,60,1,94836.66392,196.7142191
934,240.276754,56,1,81687.24163,194.3103305
935,240.5869561,62,0,96900.65059,219.8063754
936,240.9459454,64,1,97379.12499,218.5589517
937,241.4207578,66,1,98890.39903,211.6472469
938,241.5567334,52,1,71475.20358,185.7454999
939,242.0426377,63,0,86323.19517,196.2919717
940,242.2788414,52,1,69452.56189,189.7646598
941,242.6776546,66,1,84929.74568,198.7580534
942,243.132099,74,1,115531.3061,234.9093692
943,243.6274441,63,1,90009.57023,205.3664016
944,243.7381042,62,1,73775.90767,192.4827806
945,243.8343276,67,1,90369.96569,190.8045317
946,244.1892951,70,0,104888.555,237.4117676
947,244.6121457,61,1,87515.36532,217.6882085
948,244.6340242,58,0,90069.3928,197.3272899
949,244.9981866,56,1,89663.66286,217.1481563
950,245.1477823,59,0,80913.64262,193.8221991
951,245.2766243,66,0,78765.20913,185.9750806
952,245.7668643,57,0,68597.71803,179.3601719
953,246.1995366,65,1,88231.10497,205.7970388
954,246.5315955,60,1,66814.29585,173.6133735
955,246.9660319,54,1,73149.97613,187.9647595
956,247.387735,66,1,89992.91253,220.2671445
957,247.8710761,66,1,89142.42411,216.010232
958,248.3277089,78,1,112083.7514,233.505544
959,248.4695124,61,0,72081.03928,178.6071801
960,248.6984169,68,1,92059.84754,205.2189417
961,249.1328683,65,1,75029.76062,186.038665
962,249.3911441,56,0,77164.95792,182.8823927
963,249.5240827,69,0,74713.32269,204.4293145
964,249.9583933,61,1,93022.03646,202.7461179
965,250.3034763,64,0,94444.59689,212.5937167
966,250.6007315,60,0,90627.91848,218.9208422
967,251.0625177,68,1,110277.4819,236.3851127
968,251.1372091,67,1,88949.93104,207.8794491
969,251.5404347,62,1,99263.01372,212.400504
970,251.6961577,68,0,97631.42503,213.0777766
971,252.1565949,61,1,102086.6744,228.707634
972,252.4813855,62,1,102697.8672,214.9586504
973,252.5705637,62,1,94302.04454,216.6930569
974,252.7912535,57,1,75866.19408,204.3659844
975,253.1685732,59,0,62178.19256,180.9942374
976,253.2974195,67,1,82977.49659,186.6472634
977,253.7968884,60,1,77031.76029,186.3439348
978,254.0581134,60,1,93253.31245,207.5493516
979,254.5571699,61,0,77241.60908,179.6012686
980,254.7584741,42,1,65490.08405,167.2376292
981,255.0506253,62,1,84121.23585,190.1755321
982,255.4965312,61,1,88368.49704,197.7854885
983,255.9232448,65,0,88748.6461,189.4434901
984,256.1378613,72,0,114788.1578,232.3480384
985,256.2772476,79,1,105205.6653,234.9096766
986,256.7231766,63,0,89840.41165,198.6895784
987,257.2168305,77,1,106853.9642,237.001286
988,257.2866251,58,1,82763.503,179.1804168
989,257.5568242,57,1,72902.29594,189.7070828
990,257.7121172,61,1,79134.15749,190.6569721
991,258.1381574,78,1,95222.75935,212.1644692
992,258.1599225,63,1,88062.82349,193.2519456
993,258.3460086,62,0,77547.87531,201.5743481
994,258.6039969,59,0,99028.52954,210.6548978
995,258.9878784,65,0,115487.0198,239.3985229
996,259.1315533,60,1,78326.87203,183.6525331
997,259.5398777,63,0,76758.96039,192.8323831
998,259.5425145,66,1,101668.9437,227.7565543
999,259.5536693,63,1,102657.7033,219.9837615
1000,259.6751546,54,1,80569.6694,174.147598
1001,260.090834,72,0,105070.9995,177.6802768
1002,260.1278582,61,1,83085.98556,173.2461931
1003,260.1837914,50,1,74039.93088,148.1063994
1004,260.4957634,58,0,75700.78471,150.6105079
1005,260.8313043,61,0,78468.59604,157.0827837
1006,261.0142514,53,1,60474.34825,143.6378791
1007,261.1058421,64,0,88825.7869,192.4025584
1008,261.1192019,59,1,81539.54165,171.9591447
1009,261.3644282,55,1,81406.65215,137.1675034
1010,261.6623922,64,0,86750.95426,151.0051626
1011,262.1404639,72,1,107101.7407,190.0944234
1012,262.3196585,55,1,60923.86594,120.6247001
1013,262.4093864,53,1,65045.50276,139.3384192
1014,262.90564,57,1,63952.35584,131.5961275
1015,262.9209909,59,1,71442.03189,150.7007427
1016,263.2825435,62,1,93657.28033,178.4313947
1017,263.3047551,54,1,86950.87634,163.2527782
1018,263.445875,65,1,101928.0919,169.2492755
1019,263.4748269,66,0,81560.93456,174.7626001
1020,263.8037567,57,1,70235.41174,134.8607407
1021,264.2542549,56,1,62266.53151,136.4946964
1022,264.495231,51,0,81379.49023,171.9859528
1023,264.8543014,70,1,106010.6668,196.3122766
1024,265.18948,61,1,93601.04776,172.6604566
1025,265.3742571,61,1,84472.06235,160.5432243
1026,265.867909,62,1,83677.48142,153.3242524
1027,266.0468819,64,1,108990.3077,195.0665955
1028,266.1863247,58,1,74395.1592,149.2589585
1029,266.3339339,62,0,86309.20795,174.6907802
1030,266.6967007,64,1,90800.09371,183.4217284
1031,266.9585548,59,1,69514.11212,162.7603548
1032,267.4079096,63,1,94125.55017,185.8699413
1033,267.6851768,58,1,70796.15626,149.7653299
1034,267.7756491,42,1,46847.41606,117.0894171
1035,268.2694878,70,0,79645.7669,145.3101117
1036,268.3117351,66,1,93361.65331,186.7760186
1037,268.4518118,64,0,91506.54793,178.2176238
1038,268.6452008,55,0,80614.82118,164.8699582
1039,268.9789915,58,0,90539.96998,176.4548859
1040,269.2452271,68,0,86670.82492,183.4584627
1041,269.3607078,57,1,75969.68875,181.6866319
1042,269.6768472,68,1,96403.76285,195.1640688
1043,269.9462073,55,1,86307.31002,196.6887933
1044,270.3033822,53,1,75725.32047,157.934309
1045,270.6921992,59,1,105402.8202,203.3670216
1046,270.7797464,65,1,104370.1598,189.6594578
1047,271.1717441,58,1,74745.00166,143.7419883
1048,271.6506918,47,1,64656.6469,157.0010273
1049,272.0913936,58,0,75379.76453,154.5328114
1050,272.5633398,73,1,85171.40525,156.71161
1051,272.6481235,63,1,85576.3818,163.6989544
1052,272.7230055,75,1,103433.9349,211.2756706
1053,272.7985684,67,0,95941.86651,171.9440368
1054,273.120631,53,1,78348.45755,158.2398735
1055,273.4545015,65,1,94109.37338,178.7856175
1056,273.7892742,55,1,70753.26486,149.0406126
1057,273.8943655,68,1,103431.6349,197.9107712
1058,273.989352,72,0,89396.71481,174.7322441
1059,274.2280017,53,0,91518.73868,174.3603254
1060,274.6163252,61,1,104453.2252,179.0486759
1061,275.0029652,49,1,69003.56438,142.4905211
1062,275.2657788,62,0,84694.00361,176.4326387
1063,275.7556011,65,1,81315.43052,159.1182606
1064,276.2502175,48,0,66350.11013,120.4626114
1065,276.513515,57,0,77031.10011,161.7573474
1066,276.5619171,65,1,92554.23969,174.5294941
1067,276.8462007,58,1,100837.9769,208.0617378
1068,276.9162766,67,1,94098.44483,174.1159889
1069,277.2112936,66,1,67261.65418,137.4625966
1070,277.6771272,59,1,88984.46355,179.2365211
1071,277.7769513,57,1,79044.08215,137.9393607
1072,277.9813259,71,1,87826.64887,174.3953179
1073,278.1660426,62,0,97750.39988,179.9579481
1074,278.5395417,55,1,70697.85733,162.7301671
1075,278.5960377,65,0,100047.3848,184.9305648
1076,278.6575177,62,1,78619.6923,169.819225
1077,279.017357,52,1,74653.49437,154.7563958
1078,279.4474928,46,1,70180.53066,135.863934
1079,279.5679488,64,1,98635.00741,144.9148338
1080,279.9000959,52,1,75205.43305,167.1564196
1081,280.0595449,70,1,115623.2246,213.1924186
1082,280.4501159,65,1,80146.35871,167.8808486
1083,280.7799551,66,0,85563.37728,167.7651934
1084,280.8974075,62,1,88302.22975,167.9069113
1085,281.0202812,65,1,94007.2447,187.9357043
1086,281.3676064,53,1,77131.85974,138.9361692
1087,281.4894434,64,1,102378.3152,175.8685566
1088,281.7701622,60,1,79320.03433,152.5300268
1089,282.168451,80,1,108558.7615,207.454778
1090,282.4791676,54,1,91624.07707,175.1216934
1091,282.7143135,67,1,78840.24035,156.6128035
1092,283.0264103,62,1,116292.6203,211.4602885
1093,283.5263371,65,0,85909.70589,174.3441162
1094,283.9065511,76,1,104101.9293,191.3258227
1095,283.9667278,48,1,72176.61713,159.7896207
1096,284.1276701,75,0,119278.8568,213.5162909
1097,284.5136815,61,1,86795.00523,162.7244541
1098,284.9913189,66,0,89709.02514,187.1627044
1099,285.1906982,54,1,71444.77184,161.6192238
1100,285.287872,63,1,79288.44179,163.1464639
1101,285.7794211,52,0,77737.32429,159.6681881
1102,285.8526405,66,0,89774.63652,173.1250335
1103,286.2563123,67,1,94600.92872,178.0393243
1104,286.6075475,66,1,83405.08597,161.2518346
1105,287.0072857,54,1,69601.29705,153.0343353
1106,287.2726863,65,0,72675.99235,148.2727521
1107,287.5027638,69,1,98287.43021,206.1832619
1108,287.5791234,65,0,104193.8503,192.6063141
1109,288.0781767,61,0,92848.18822,185.8763984
1110,288.3568331,50,1,81979.4176,162.3268417
1111,288.6029247,57,1,96622.15967,175.5506764
1112,288.809218,68,1,108261.3478,198.437539
1113,288.9379189,72,1,109260.935,217.656986
1114,289.0200202,62,0,99531.09729,190.7204745
1115,289.4558478,71,0,99501.14792,193.0542229
1116,289.7714944,62,1,86412.70896,179.7792444
1117,290.2534759,50,1,65816.91444,158.3594784
1118,290.7253685,60,1,68703.74116,145.2164769
1119,291.20287,68,1,73857.59394,149.5136121
1120,291.6518333,58,0,69105.55162,144.3661975
1121,291.8627984,63,0,93311.80395,183.5662699
1122,292.3618271,68,0,103658.4077,195.259993
1123,292.7495777,61,1,76194.82905,148.6361584
1124,293.1259638,68,1,108240.7753,200.6992076
1125,293.1965981,58,1,72502.32432,168.8059788
1126,293.3212033,71,1,109058.6513,202.4061181
1127,293.6139111,53,1,78549.07449,161.8648256
1128,293.8313694,44,1,67193.30911,152.1726311
1129,293.8885042,67,1,90655.04395,180.7064709
1130,294.2690179,74,1,102773.7361,196.8603534
1131,294.7152239,68,1,95232.51629,169.4703317
1132,294.7882325,63,1,93338.76515,161.9697222
1133,294.9788434,57,0,58201.96606,123.1265733
1134,295.0635826,65,0,81874.62657,180.2508751
1135,295.5633941,70,1,81659.28535,172.9709109
1136,295.6495349,67,0,107781.7327,194.4249849
1137,295.9237414,63,1,85044.86579,177.1420557
1138,296.2182055,63,1,105557.279,192.7667908
1139,296.6821988,61,0,87270.18878,177.4435122
1140,297.0023851,69,0,94549.93925,181.7553673
1141,297.2461519,67,1,101111.4355,191.4804364
1142,297.3728708,57,0,80372.51961,158.7283085
1143,297.4386781,68,1,119175.7418,205.3193016
1144,297.6635105,58,1,69651.81898,153.5182162
1145,298.0580555,59,1,69325.89495,143.1788973
1146,298.5329274,74,1,117707.7548,194.792575
1147,298.7137296,47,0,62835.42156,152.2588879
1148,298.8667511,61,1,72480.56881,163.6506448
1149,299.050635,51,0,70344.03995,142.5412955
1150,299.2016646,66,0,105958.4332,193.1727228
1151,299.2308878,63,1,102312.5014,174.3272214
1152,299.6861227,62,0,68897.31514,140.9055396
1153,299.7606684,59,1,88962.46643,181.6001881
1154,300.0280972,49,1,61469.43422,133.7158896
1155,300.1993976,58,1,85793.2324,172.256692
1156,300.5516968,65,1,75855.01671,153.5237536
1157,300.8197309,54,0,79303.57643,149.1535038
1158,301.2858183,56,0,77401.24476,163.3784049
1159,301.7576978,70,1,110646.7538,204.4656391
1160,302.162548,58,1,81602.13409,143.2501073
1161,302.4453844,54,0,84901.56598,163.7248964
1162,302.7903906,63,1,81877.79581,169.5509943
1163,302.9971894,64,1,101867.3622,167.0959537
1164,303.198348,68,0,102677.9141,207.032786
1165,303.2043361,72,1,92848.64591,174.8350586
1166,303.3208706,59,1,75041.78508,153.2982923
1167,303.4298392,59,1,89427.46021,177.5025289
1168,303.834336,56,1,75315.22602,162.1097436
1169,304.104999,55,0,75072.0813,143.4142413
1170,304.2167225,69,1,115273.0234,202.5683836
1171,304.3846151,59,0,83942.80106,173.9010678
1172,304.7128632,62,0,82291.291,171.1717727
1173,305.061342,63,1,66998.23703,161.3388646
1174,305.2100682,59,1,60061.91633,125.8765809
1175,305.4081607,69,1,84828.79394,179.1758289
1176,305.658163,53,0,68255.91853,141.1612372
1177,306.1481295,63,1,82328.35693,151.8842012
1178,306.5448157,65,0,82873.25218,156.3597504
1179,306.9214284,54,0,88580.74796,169.7803979
1180,307.2244689,58,1,88023.78961,149.3896592
1181,307.3701199,63,1,85390.17639,156.36479
1182,307.5446237,68,1,80002.2785,157.1563246
1183,307.7270096,75,1,109125.6487,189.1671461
1184,307.9133506,58,1,84267.49612,159.734222
1185,307.9775984,56,0,75668.87288,172.0984834
1186,308.4543595,55,1,72996.17187,161.083436
1187,308.51209,53,0,46265.06783,127.0645466
1188,308.5130819,64,1,99004.27392,206.4562447
1189,308.6717382,60,0,77324.01788,168.942268
1190,309.0382754,54,1,44677.09251,134.1773109
1191,309.052107,74,1,111359.4484,193.8747173
1192,309.0589959,74,1,104439.7396,183.2415341
1193,309.2110876,64,1,108831.1282,197.1178932
1194,309.4073601,63,1,88263.70001,171.7030747
1195,309.8407853,73,1,114547.5787,199.5773224
1196,309.9299019,70,1,98173.31695,182.7651247
1197,310.1781518,43,1,59991.33648,150.8611702
1198,310.3679991,69,1,110389.7416,200.880954
1199,310.4633266,62,1,91715.62743,170.5900015
1200,310.9605279,56,1,89546.82385,160.2841607
1201,310.9749165,64,1,79392.52345,172.0206107
1202,311.4616455,70,1,106137.3531,199.6874911
1203,311.8475168,57,1,75761.65703,145.2230356
1204,312.0950068,56,1,75727.85831,157.6646828
1205,312.2913098,57,1,80858.14072,172.7840034
1206,312.3439627,68,0,113117.6547,225.3137568
1207,312.521998,65,1,91619.66245,167.0983663
1208,312.912383,41,1,54731.00508,126.6646087
1209,313.2313645,53,1,90651.81428,177.0231012
1210,313.6259994,60,1,81114.09185,166.0297551
1211,314.0299319,54,1,70045.23541,138.2557149
1212,314.0634158,67,1,94069.64539,191.5125958
1213,314.2949365,52,0,60059.41903,139.4791467
1214,314.6554433,53,1,75193.94885,173.6621163
1215,314.9928843,66,1,106363.9988,194.9719798
1216,315.0930194,75,1,111939.5259,194.0184494
1217,315.30133,52,0,76004.21679,140.212843
1218,315.4110651,70,0,104477.2956,191.4452403
1219,315.4232963,55,1,56052.82099,145.3116176
1220,315.4800052,75,1,103301.3659,201.4790505
1221,315.6147069,64,1,97689.85366,184.442372
1222,315.8684616,55,1,83124.27502,169.3336827
1223,316.0525063,64,1,85331.51298,171.8419321
1224,316.0953866,65,1,99161.49842,176.0537691
1225,316.5872666,70,0,88137.78546,174.8154757
1226,316.5989114,63,1,87755.83527,163.6102305
1227,316.9133381,55,1,90569.12927,182.3930564
1228,316.9211053,49,1,61864.4458,143.7365586
1229,316.9938372,62,1,95074.25354,175.7785487
1230,317.2572267,59,1,94878.47943,192.3084599
1231,317.5282667,51,1,72331.25429,128.6593352
1232,317.9308544,54,0,70884.16234,166.6623212
1233,318.2327697,69,0,90287.79226,179.6854786
1234,318.3411341,76,1,94064.92001,189.1523145
1235,318.652562,60,1,82963.84798,147.9414795
1236,318.7970838,63,1,82927.8881,161.1162554
1237,319.1306396,57,1,89580.81066,180.2928464
1238,319.5107403,53,1,81230.75534,158.7505198
1239,319.6638786,67,1,90041.52312,167.064673
1240,319.9518585,60,0,80005.28635,173.5208501
1241,320.0081397,54,1,76263.47147,162.1941687
1242,320.4828717,61,1,96078.77098,176.5908036
1243,320.8042794,43,0,59064.41627,140.5030896
1244,321.0194439,49,1,78842.50106,167.8844542
1245,321.2926756,65,1,87161.35779,181.2824586
1246,321.4719261,59,1,91099.95826,176.0800073
1247,321.5156375,64,1,85916.87876,173.5357716
1248,322.0079749,72,1,117000.7009,205.3907966
1249,322.0175249,51,0,61888.09586,151.558929
1250,322.2416521,61,1,72342.68309,139.3706673
1251,322.3770255,72,1,99056.48583,198.90821
1252,322.4243237,56,0,74135.04819,148.9022657
1253,322.6604496,61,1,80945.46339,173.8198437
1254,323.0330972,52,1,67993.57852,139.7877674
1255,323.1753552,61,0,99900.26648,194.4856423
1256,323.4436416,74,1,113883.2366,199.0739318
1257,323.8269354,66,1,85203.42545,167.4873457
1258,324.1634102,60,0,81922.16054,153.2770539
1259,324.5866229,59,0,94661.34114,175.2551569
1260,324.9400269,52,1,67825.71422,144.6407732
1261,324.9769517,78,1,102430.5399,197.0503137
1262,325.4506854,46,1,80326.61001,170.2185092
1263,325.6591436,58,0,89159.63791,171.7049891
1264,326.1125425,48,1,73453.37981,154.1958199
1265,326.2058337,66,1,94362.63233,174.4238395
1266,326.4363482,60,1,83843.6625,168.2198996
1267,326.5678281,73,0,74919.25583,140.31899
1268,326.8926267,64,1,108470.8237,200.8819095
1269,327.0177965,73,1,94044.21928,178.282322
1270,327.4082178,55,0,76996.45815,164.8374264
1271,327.8718856,57,1,71711.83001,162.4846899
1272,328.2007823,63,1,85079.75143,174.9867176
1273,328.5771999,52,1,82128.87323,153.4592284
1274,328.8218581,55,1,77543.06371,167.3427793
1275,328.8950024,51,0,72263.75639,164.2001139
1276,329.3500271,62,1,80736.4731,158.0079443
1277,329.6137607,50,0,69968.664,166.1232973
1278,329.999679,57,1,102134.8488,191.3455815
1279,330.027117,53,1,66965.99121,152.0949751
1280,330.1908955,63,1,94504.03835,177.182692
1281,330.3992876,53,1,78879.59622,150.7995115
1282,330.5145939,66,1,90846.00834,184.8348537
1283,330.5780036,52,0,77734.32003,166.9109134
1284,330.6767552,58,1,85556.28155,177.7845665
1285,330.9133104,50,1,83158.18162,164.0734944
1286,330.9583657,43,0,58088.75042,135.498615
1287,331.2304432,64,1,99765.25072,200.2883331
1288,331.6028533,57,1,74042.04442,143.4548562
1289,331.8863731,61,0,85764.13821,185.5532622
1290,332.0667667,66,0,103672.015,201.7484373
1291,332.2090767,65,1,94287.9568,177.7920328
1292,332.4689349,58,1,93063.73329,174.3547686
1293,332.8934798,64,1,97971.5035,180.4192122
1294,332.9629224,54,1,99218.70382,176.0228057
1295,333.3515737,45,1,67665.97257,127.6877974
1296,333.6088832,61,1,87190.31696,176.7538443
1297,333.6749803,65,1,94067.23903,167.8994946
1298,333.6771554,66,1,97921.69896,180.8567079
1299,333.8358034,59,1,69515.00087,149.493019
1300,333.8437455,63,1,82767.21015,162.7945732
1301,333.9132893,47,1,68274.97945,153.2716003
1302,334.3446341,51,1,79260.8529,159.7331964
1303,334.64874,57,1,84540.08946,170.5017615
1304,334.6717688,56,1,63729.76692,129.9601818
1305,334.9564126,58,0,83605.77942,171.8550075
1306,335.1095486,55,1,67358.26424,136.0926865
1307,335.5301491,67,1,107773.3666,187.6975529
1308,335.5794116,66,1,88290.02955,182.5167411
1309,335.8737399,55,1,101129.8472,197.5792569
1310,336.0009954,43,0,54712.42224,128.216252
1311,336.0668456,68,0,99409.06114,187.9331254
1312,336.3389725,45,1,58110.73785,136.9293005
1313,336.6548768,70,1,113511.8869,193.4540276
1314,337.1320327,78,1,100693.1589,192.8060519
1315,337.3006178,58,1,62278.17978,134.8812618
1316,337.7632887,49,1,57794.67445,121.6936836
1317,337.8106368,57,1,73391.50054,147.2794286
1318,338.1017935,60,1,81853.79825,178.311835
1319,338.4732204,67,0,111266.6887,199.3966645
1320,338.621319,61,1,99361.77964,164.0669202
1321,339.0005957,49,1,63261.7101,146.7190817
1322,339.3003748,53,0,69285.10615,133.3693877
1323,339.7956526,66,0,98627.11838,185.3729974
1324,339.8788517,74,1,99878.43,187.5281724
1325,340.0257874,69,1,105027.2503,202.198522
1326,340.2861457,56,0,71153.67342,144.2227342
1327,340.6314515,66,0,76760.16389,160.5897414
1328,341.08066,39,0,53200.81699,120.9348027
1329,341.2452654,56,0,81370.40594,167.404301
1330,341.4052904,57,1,72061.98813,128.6827221
1331,341.6421919,59,1,71317.9862,156.0746118
1332,341.7901945,64,1,89952.25784,181.5961747
1333,342.1116957,62,1,85195.07113,173.8892006
1334,342.510276,60,1,78358.25181,152.4084251
1335,342.9232109,64,1,92493.06735,192.8124319
1336,343.2425671,64,1,89905.71732,175.0009896
1337,343.661277,59,0,90176.51942,181.1673562
1338,343.9984668,64,1,86342.32676,195.8048805
1339,344.1368496,63,0,81993.91393,169.3619416
1340,344.5420689,54,1,76991.45821,168.5285094
1341,344.6915443,43,0,62880.91639,150.3951319
1342,344.9199636,51,1,72570.1464,140.0385789
1343,345.0806081,49,0,76722.10567,148.3964694
1344,345.0842991,70,1,104742.097,198.525697
1345,345.5391573,55,1,92619.77197,187.0013206
1346,345.9236508,63,1,81443.10803,167.6249585
1347,345.9266817,63,1,87707.80554,169.6936069
1348,345.9621777,54,1,71399.53656,163.969503
1349,346.3622677,50,1,65356.38119,164.023894
1350,346.6857605,62,1,81268.88954,159.5460187
1351,346.9048246,54,1,85881.63625,169.0289778
1352,347.2782424,74,0,98652.22921,185.0459449
1353,347.5227321,64,0,78128.35433,156.848841
1354,347.7617539,64,1,101920.6625,195.0199834
1355,348.1751745,45,1,69270.09273,157.4491445
1356,348.4588473,60,1,86097.6709,168.553845
1357,348.9483163,62,0,80566.63745,141.3143653
1358,349.3906949,60,1,87675.12203,187.6912957
1359,349.623295,58,1,73719.75767,150.994951
1360,350.0216048,64,0,91252.28785,179.897117
1361,350.3588426,41,1,62853.73711,130.1573785
1362,350.8104365,67,1,108200.131,191.4515409
1363,351.0818877,63,1,88170.13869,175.0893347
1364,351.1319468,64,0,62997.75232,132.3949506
1365,351.5241199,52,0,75418.1182,157.3569401
1366,351.6114898,54,1,69164.44068,144.5818263
1367,351.9272826,73,0,101200.5222,194.809221
1368,352.2489483,65,1,95997.26797,173.7962669
1369,352.3273147,53,0,73681.70485,155.055644
1370,352.5752586,60,1,83691.6489,169.0954978
1371,352.7574449,66,1,104782.4211,192.8502417
1372,352.8962067,51,0,69935.48848,150.898684
1373,353.083881,64,1,96754.90084,188.6805185
1374,353.4951679,57,0,89645.43535,188.2745245
1375,353.5941505,42,1,57987.48908,141.4755732
1376,353.8254289,59,1,79329.99622,172.9969303
1377,354.1920289,65,0,78861.14099,149.2344796
1378,354.6101275,58,1,74429.79494,170.8332681
1379,355.0782046,55,1,89930.50203,178.1804095
1380,355.1704107,59,1,79607.04019,150.6722623
1381,355.2920742,60,0,73323.21951,148.5458956
1382,355.5889694,54,0,73822.01095,152.1381041
1383,355.8178617,51,0,51074.71252,141.1162722
1384,355.9376139,62,1,94522.52104,185.7298551
1385,356.0642802,53,1,62386.33355,134.3563651
1386,356.1122536,45,0,58878.94837,125.667821
1387,356.3655677,69,0,97980.31319,180.5002487
1388,356.7635618,61,1,87286.28102,163.7379802
1389,356.7915753,62,1,82473.37199,160.24847
1390,357.1514579,43,0,46758.39147,129.3734496
1391,357.5171081,42,0,68386.11702,152.1852811
1392,357.5607791,54,1,68128.75581,139.8487282
1393,358.0278049,48,1,64562.76501,154.1652623
1394,358.3403481,39,0,56132.97253,135.951589
1395,358.7913881,49,1,63354.74324,131.913867
1396,358.9895754,55,0,69501.26099,138.1545291
1397,359.3643394,57,0,76773.69131,156.1278133
1398,359.4234417,54,1,78831.24418,166.1553775
1399,359.5069649,52,1,81990.70757,163.8905626
1400,359.7940993,49,0,66172.68646,130.4769247
1401,360.0904408,60,0,87317.20347,169.5628383
1402,360.4374271,38,1,33894.2977,95.73619709
1403,360.5385667,60,0,83064.60849,165.3393324
1404,360.7996675,54,1,77139.55637,149.5415435
1405,361.2063657,54,1,90574.30926,168.2492836
1406,361.6644448,66,1,90034.77767,183.4594672
1407,362.137639,57,1,64049.71087,132.6468855
1408,362.5443551,76,1,94275.17216,189.6725078
1409,362.8191262,56,1,71573.59852,155.4535846
1410,362.854025,59,1,82796.06462,139.7208863
1411,362.8851849,57,1,94207.19504,196.047887
1412,363.3740527,59,0,82748.99137,167.3096632
1413,363.6593383,52,1,86383.06713,169.111309
1414,364.0679951,41,0,52700.23234,130.1451149
1415,364.369031,50,1,71689.7763,135.3586294
1416,364.736811,66,1,86791.30036,170.7977452
1417,365.1362325,50,1,74413.74149,172.6420246
1418,365.5861478,58,1,80207.80264,162.2743022
1419,365.7227637,51,1,72173.28998,143.3665086
1420,365.7634109,47,1,66492.29341,151.4755651
1421,365.7776976,47,1,66149.22651,160.2239384
1422,366.0432164,49,1,59474.8902,127.8550863
1423,366.4982122,64,0,93941.48544,174.0319504
1424,366.5192343,68,0,78590.5354,170.1128939
1425,366.7400698,70,0,98291.29651,187.771013
1426,367.1299531,64,0,98199.59394,180.4659346
1427,367.2509119,45,1,63546.8261,142.7077351
1428,367.5319775,54,1,81830.80734,175.3577263
1429,367.8006998,48,1,73480.02049,172.3560515
1430,367.9527963,45,1,63434.88512,124.564738
1431,368.1194448,62,0,91334.994,189.5324848
1432,368.4207004,49,0,64557.07237,147.1006768
1433,368.9070295,63,1,92789.31654,167.8294113
1434,369.3496555,51,1,62843.87798,143.42951
1435,369.4472205,68,1,102062.8959,187.6554705
1436,369.7813972,60,1,84390.57135,175.8229731
1437,370.2362119,55,1,62870.74542,127.4800714
1438,370.5496887,54,1,73541.7897,155.0218516
1439,370.9122346,50,1,84118.30044,193.6974916
1440,371.3457504,61,1,88040.24939,175.8328985
1441,371.6483758,57,1,59531.57283,138.9767051
1442,372.1441354,63,1,94377.47363,179.6074769
1443,372.5769421,59,0,95151.01071,194.2313288
1444,372.961857,58,1,86256.02608,167.1623166
1445,373.2294896,53,1,73440.1985,144.2874941
1446,373.3214047,45,1,51233.46121,119.7176847
1447,373.766665,52,1,80181.80298,177.9614344
1448,374.1545434,59,1,79246.41716,164.2772626
1449,374.1879644,54,1,93134.49123,171.6879577
1450,374.6401831,58,0,92999.88967,155.5619347
1451,375.0591681,56,0,68923.18102,119.272806
1452,375.3954247,58,1,81156.48353,172.6518438
1453,375.4101895,54,0,61590.3175,145.2247013
1454,375.50885,67,1,87173.55145,157.1090343
1455,375.5781684,47,1,76758.8264,164.3050501
1456,375.6518341,45,1,54231.29076,144.0284601
1457,376.1163877,57,0,72172.37332,146.9167029
1458,376.3671844,51,1,75072.54536,165.5586787
1459,376.6862223,59,0,66320.28018,135.1943162
1460,376.7251545,64,1,90712.10154,184.4798721
1461,376.921582,58,0,80342.60016,147.3945415
1462,377.2665188,58,1,73117.16441,166.6594619
1463,377.5590406,51,1,74875.73839,163.7554997
1464,377.9753161,47,0,80867.08697,164.082235
1465,378.1297313,42,0,63632.13401,130.3977513
1466,378.4780468,48,1,76213.03295,148.6456313
1467,378.8357214,55,1,75948.24394,154.0673093
1468,378.9023947,57,1,69827.53108,147.2336924
1469,379.0645617,71,1,92778.98873,205.57871
1470,379.257044,58,1,94336.75248,186.0335154
1471,379.6296143,44,1,64604.72116,160.8285968
1472,380.1160262,57,1,83906.5848,166.4849307
1473,380.5591061,53,0,51215.34661,122.6376862
1474,380.5636661,57,1,74509.78317,150.8693895
1475,380.8950931,54,1,68620.88913,172.4138447
1476,381.0627221,63,1,87246.59636,172.968
1477,381.3256575,54,0,74670.69444,156.2577769
1478,381.5360642,54,0,80454.31482,150.2514045
1479,381.9875068,53,1,65646.63675,152.6507637
1480,382.4176133,58,0,76633.75918,156.2719455
1481,382.8440002,58,1,88333.01098,181.2343194
1482,382.9843355,49,1,74227.58926,155.4505976
1483,383.3810044,53,1,75649.17716,145.3014236
1484,383.589082,50,1,82591.82261,167.1751774
1485,383.7842514,50,1,62036.37632,163.527858
1486,383.9542707,52,1,76583.03402,153.3191299
1487,383.9759123,63,1,85788.82918,176.9738475
1488,384.302787,49,1,72814.24805,155.2660848
1489,384.6017213,52,1,61988.82493,142.3166653
1490,384.6470125,51,1,68769.89882,147.6089704
1491,385.005288,45,1,42431.73344,116.825133
1492,385.5000842,54,1,84844.27138,160.5996225
1493,385.8410323,46,1,62016.99672,130.8325817
1494,386.0225249,54,1,59787.6478,117.6800978
1495,386.4675669,58,1,73869.9451,154.3759599
1496,386.6545999,51,0,79250.42826,177.0821674
1497,387.0475161,46,0,42246.07518,120.2231224
1498,387.2145039,53,1,86825.48554,159.7465605
1499,387.5189054,58,0,71167.38377,142.7118973
1500,387.7235039,48,0,70764.11382,160.5091608
1501,387.7272588,59,1,82297.19417,176.056494
1502,387.9661106,38,0,67696.46796,150.8377399
1503,388.1683419,59,0,76723.23671,158.3575959
1504,388.3458067,65,1,98891.65513,193.6814913
1505,388.4580097,49,1,60521.19661,137.1925971
1506,388.7991882,48,1,48570.17546,115.5358146
1507,388.9687631,54,0,82132.78367,179.0999079
1508,389.2064626,62,1,107142.8479,193.3825467
1509,389.2463892,57,0,82611.21017,190.559732
1510,389.2547299,49,1,77916.6195,171.1496156
1511,389.4724964,56,1,69880.77078,159.0326595
1512,389.5515536,56,1,74253.26163,158.6586818
1513,389.8422614,57,0,72844.52913,144.3451672
1514,389.9934101,45,1,52580.06414,125.5334138
1515,390.1298218,53,1,82831.92049,175.9017749
1516,390.6230491,69,1,102956.5696,182.649498
1517,390.6316878,51,1,72935.53798,175.3184276
1518,390.9453896,51,1,86295.66756,175.5071075
1519,391.1076523,43,1,62523.48243,146.0259398
1520,391.1580697,51,0,67170.56225,139.2013977
1521,391.610013,50,1,69910.90271,164.5984103
1522,392.1006001,62,1,82793.01779,166.7477277
1523,392.3992541,44,1,55993.54999,128.6147207
1524,392.7538317,53,0,65105.33675,136.0968781
1525,392.9384009,44,0,56749.49914,111.5448275
1526,393.4273058,50,0,84424.17847,179.9453402
1527,393.6095605,54,1,76921.53204,150.453613
1528,393.8029783,51,1,63008.10621,128.4142725
1529,393.9753256,57,1,88696.84568,159.447014
1530,394.3177863,44,0,67251.7731,162.6351585
1531,394.8085256,42,1,60225.07168,139.7432208
1532,394.8505361,55,1,94405.57518,180.6516004
1533,394.965764,67,1,82787.12742,168.4448309
1534,395.3767505,56,1,88799.98974,175.7647638
1535,395.3918485,51,0,68478.7363,157.4754589
1536,395.4949466,45,1,52913.53671,131.3460535
1537,395.7514823,66,1,94187.20802,173.6004267
1538,395.8804958,50,1,79041.53023,169.8896557
1539,396.2047153,56,1,74138.09598,163.4208806
1540,396.6706004,49,1,72925.25616,145.0488429
1541,396.7107479,47,0,73597.64447,152.1344748
1542,396.7973966,54,1,86130.89443,169.2673631
1543,396.980555,46,1,58002.60331,122.4524558
1544,397.0406533,65,0,89207.12425,161.300306
1545,397.1148616,60,1,69014.56895,139.3581596
1546,397.5079334,56,1,83515.23548,173.0870232
1547,397.7657656,55,1,67605.36559,136.9290222
1548,397.8722614,52,1,82147.82145,166.4731816
1549,398.2304175,50,1,58662.99866,147.0859111
1550,398.6498065,49,1,75237.23045,164.0776977
1551,398.8335487,54,1,79619.43149,151.5878175
1552,399.3247737,48,1,63827.15056,145.487815
1553,399.5132613,44,1,46530.02898,134.9588796
1554,399.9963479,51,0,92490.25483,154.5452571
1555,400.1476112,60,1,93791.93885,165.3462288
1556,400.4739903,45,1,81994.85888,173.8915736
1557,400.5514633,33,1,50342.66107,128.9968035
1558,400.7824119,49,1,81303.70476,168.2819366
1559,400.8663714,54,0,83633.11918,172.0795135
1560,401.2515962,47,0,61341.98168,129.9698472
1561,401.398933,36,1,48487.69962,138.7154348
1562,401.8348717,68,1,83694.19366,174.2000498
1563,402.1795618,54,1,75791.74699,154.4100806
1564,402.5726805,46,1,72190.4036,149.6156726
1565,402.7766886,55,1,66862.17703,149.4893438
1566,403.1644077,42,0,57642.96899,134.6465463
1567,403.5841259,49,1,68999.98976,149.4666047
1568,403.7726629,49,1,63466.53298,138.2860137
1569,403.8480741,52,1,69513.8215,152.1477657
1570,403.8512427,46,1,69869.58267,132.8924385
1571,404.0971868,56,1,86279.63565,177.7666214
1572,404.33223,53,1,80972.36623,153.1217041
1573,404.7611119,40,1,50789.18758,127.7698912
1574,404.8495524,46,1,62401.59378,134.2271719
1575,405.1296275,46,1,54140.78161,140.6007159
1576,405.5754032,55,0,82001.75963,157.3438349
1577,405.9626055,44,0,51710.91207,113.263932
1578,406.2489675,57,1,90431.57629,176.9306534
1579,406.3633193,39,1,64355.97573,142.1941058
1580,406.762863,51,1,69968.80336,135.8770683
1581,406.902697,51,0,70157.72189,156.9803262
1582,407.2770827,57,0,68559.88024,140.7154302
1583,407.4621347,44,0,72696.33554,145.1192645
1584,407.5052719,36,1,60290.96719,121.6888024
1585,407.654399,49,1,81145.52417,175.8162327
1586,408.0279301,47,1,67139.72952,142.2548492
1587,408.4749863,57,1,63280.27397,131.3893632
1588,408.8580607,44,0,69242.31744,140.6530655
1589,409.2930073,52,1,79502.86857,155.3402911
1590,409.6007687,53,1,62997.55816,152.2809102
1591,410.0157019,54,1,74417.62072,142.5643447
1592,410.1031774,50,0,74607.47717,140.0547903
1593,410.4970434,47,1,74344.82407,150.4992954
1594,410.9440793,49,1,64376.55912,145.4814336
1595,411.4151038,50,1,70802.66957,140.8681047
1596,411.4378749,49,1,72585.10353,147.4435449
1597,411.7344158,63,1,83763.0432,166.430687
1598,412.1998559,52,1,57253.67466,141.7372692
1599,412.2723684,54,0,68740.42603,144.3043518
1600,412.703577,44,1,68011.17102,157.7304735
1601,412.8181844,48,0,72524.22545,129.1285544
1602,413.0062765,60,0,90377.96703,173.9496746
1603,413.1210224,63,1,99519.51825,191.3515472
1604,413.6056764,43,1,59685.43123,134.5007488
1605,413.6714751,47,1,58369.93462,134.4841655
1606,413.9759893,58,1,78470.29094,158.947456
1607,414.1180122,56,1,102189.85,184.0415943
1608,414.2498094,57,1,82003.36469,176.133696
1609,414.7252422,42,1,57570.37697,135.6218458
1610,415.1356382,45,0,54061.4916,115.8649454
1611,415.3619731,44,1,70090.26303,144.5565406
1612,415.65368,57,0,77761.56988,169.0889123
1613,415.8262828,52,1,87230.66868,183.0055594
1614,415.8401785,52,0,59578.50522,151.511354
1615,416.0703688,50,1,60425.90562,136.4191943
1616,416.262906,42,0,70211.85576,159.2334976
1617,416.3173439,56,1,87003.66568,175.5911577
1618,416.3427845,53,0,53560.98798,129.9544106
1619,416.7081093,38,1,40521.31471,116.0336648
1620,416.8433768,46,1,63765.59617,155.337602
1621,416.851713,50,0,67491.0923,141.2218776
1622,417.0142686,55,1,71380.57574,162.1255492
1623,417.4796754,55,1,81841.88216,159.3372054
1624,417.9360211,54,1,84726.48441,166.8299729
1625,417.9618235,46,0,77709.60538,162.7526943
1626,417.9970058,40,1,49043.39827,118.9923905
1627,418.4171188,41,1,53172.81608,141.3332215
1628,418.6876117,62,1,93852.02313,165.2279543
1629,419.065329,52,1,81778.16278,173.9914552
1630,419.3546056,40,1,65721.11584,134.9926486
1631,419.4144896,55,0,72128.97424,148.641819
1632,419.5795459,53,1,73656.25707,142.4901099
1633,420.02972,44,1,65143.21698,144.2082859
1634,420.1439024,45,1,60173.80328,136.9856212
1635,420.2986785,61,0,89927.93726,188.5842162
1636,420.6841427,47,1,73956.90822,165.4975797
1637,421.1687358,52,1,78750.27778,165.8431174
1638,421.5100813,41,1,48723.53121,119.1159793
1639,421.6882249,42,0,66612.42617,143.138873
1640,421.9862732,53,1,77759.75409,145.9863974
1641,422.3953031,53,1,78227.15505,154.1367959
1642,422.6975038,49,1,65132.54022,138.862273
1643,422.8912298,59,1,82322.40151,183.4853854
1644,423.3661521,47,0,70597.25517,159.9735245
1645,423.5369235,44,1,62362.71459,141.9528038
1646,423.9560142,50,1,65028.72043,148.3751337
1647,423.9649127,44,1,63989.55313,161.3324465
1648,424.1470782,44,0,63435.65513,144.454232
1649,424.5542798,53,0,70571.16025,147.6075334
1650,424.7748722,53,0,76468.43214,146.9294492
1651,424.9059731,53,1,77101.45351,161.864925
1652,425.1019537,48,1,77078.72259,144.5622992
1653,425.3511634,50,1,59058.51765,134.8814188
1654,425.7967136,42,1,63427.38532,154.2919769
1655,426.0724701,50,1,67093.41755,145.2062074
1656,426.2433815,52,1,70039.27966,171.9288814
1657,426.4706833,55,1,71442.95207,142.777737
1658,426.5394317,42,1,69987.22079,140.8261518
1659,426.9745564,50,0,62330.34917,148.8318271
1660,427.3350415,52,1,62809.11997,134.1103511
1661,427.6992607,51,1,76302.30202,154.4609943
1662,428.1163882,43,0,77054.94138,153.5737121
1663,428.4464479,55,1,91991.80925,179.5282458
1664,428.8229104,47,0,66474.24988,152.0416955
1665,428.9246829,60,0,80139.09098,155.6118231
1666,429.3507392,60,1,75177.55274,147.4570569
1667,429.4116536,39,1,64097.47516,148.941296
1668,429.6942875,49,1,66424.8619,138.753553
1669,430.1099942,47,1,60048.1213,152.781919
1670,430.1305769,48,1,73287.27385,148.3732525
1671,430.1776593,53,1,65558.14035,134.2354876
1672,430.4978601,51,1,71772.43379,143.0613768
1673,430.8385155,41,1,55372.18618,139.6451281
1674,431.271126,39,0,55592.02449,126.2473843
1675,431.4127013,49,1,77466.93692,170.2367897
1676,431.794062,51,1,75324.0567,169.6892596
1677,432.0013606,54,1,42473.93287,115.3298725
1678,432.125029,50,1,74098.31207,168.4825033
1679,432.3592816,49,1,67702.78172,138.1530166
1680,432.7522024,52,1,72799.36838,135.5902613
1681,432.8604529,47,1,56437.22731,135.3130075
1682,433.3139586,54,0,89697.89815,181.210916
1683,433.5589824,50,1,75478.77193,146.4763703
1684,434.0477556,49,1,56939.90967,148.9635995
1685,434.1813327,38,1,41970.49644,123.5723707
1686,434.6316794,37,1,45253.93748,112.8187902
1687,434.7672624,42,1,54871.57598,116.1580296
1688,435.0405588,42,1,57474.2041,135.5116055
1689,435.4635998,34,0,51043.51918,128.2630398
1690,435.8761483,25,0,28074.92492,104.7645881
1691,436.2996894,45,0,69180.89507,131.4950622
1692,436.7540577,43,0,53643.17135,138.8139677
1693,437.2261673,47,1,49281.45186,124.7294185
1694,437.6445849,49,0,88753.34905,167.9075221
1695,437.773776,44,1,53357.0172,138.546252
1696,438.1458443,56,1,71216.33144,154.0987221
1697,438.2663104,33,1,52153.17083,116.2866883
1698,438.6878217,40,1,59265.40916,141.6294885
1699,439.092222,47,1,63936.75079,148.2188131
1700,439.1190262,38,1,49904.43667,125.7170371
1701,439.2097504,54,1,89903.47011,162.1555959
1702,439.4092587,40,1,49843.03068,125.7092589
1703,439.8223855,69,0,106223.5049,190.6162708
1704,440.3082934,45,1,59519.85078,139.4496468
1705,440.3099005,44,1,50442.10411,132.1656137
1706,440.6891606,44,0,55862.60305,129.1495039
1707,440.9372415,42,1,62653.4272,126.4334746
1708,441.0604678,27,1,32072.16752,84.40372166
1709,441.3003325,36,1,49599.71122,115.3397754
1710,441.4842434,53,1,64928.06453,149.2325159
1711,441.5314987,41,1,58884.00847,136.8754524
1712,441.608266,39,1,61722.56588,134.8621054
1713,441.6155619,41,0,66069.76485,132.6749773
1714,442.0908583,37,1,48175.89953,133.7715992
1715,442.3283235,61,0,82610.7125,158.4922732
1716,442.3482713,50,1,74155.09783,149.6981673
1717,442.3604864,57,0,72992.96597,153.4652137
1718,442.8426587,38,1,66265.59424,143.7419818
1719,442.870138,63,1,90356.00777,188.188364
1720,442.9106919,53,1,72729.93934,150.8461399
1721,442.9695544,44,1,91598.80206,170.6189884
1722,443.4377196,37,0,55156.51983,127.6365485
1723,443.5861425,53,1,81735.62838,179.6229666
1724,444.0799498,33,0,38469.77638,104.9583626
1725,444.2269556,47,0,63271.92136,159.5558958
1726,444.5637288,46,1,71308.2985,153.5876057
1727,444.6861502,34,1,47505.11157,124.0422782
1728,444.965587,36,1,43407.97988,118.5779483
1729,445.1568416,51,0,49305.59449,127.2449126
1730,445.3464618,46,1,68796.28828,139.4953023
1731,445.6854681,58,1,100738.5237,195.702482
1732,446.1432482,48,1,72648.40049,166.9249616
1733,446.6265055,61,0,63792.66501,125.0428373
1734,447.0963568,49,1,84031.87994,168.0736265
1735,447.1921868,58,1,76510.8734,157.1084346
1736,447.4338751,48,0,80023.38862,161.3243943
1737,447.6207274,51,1,77562.91358,158.3999492
1738,447.7001805,38,1,41366.92224,102.8745015
1739,448.1751453,41,1,50229.12416,119.3510096
1740,448.6150384,42,1,45307.98079,124.4075147
1741,448.9448883,30,1,39298.73808,111.0699881
1742,449.2206239,32,1,42547.96165,114.7203365
1743,449.703839,52,1,90524.02718,189.6206623
1744,449.937799,48,1,79759.69623,166.1504846
1745,450.356815,51,1,74909.20907,140.737072
1746,450.6551996,53,0,69096.06463,141.7668283
1747,450.742099,37,1,66399.00185,148.0179702
1748,450.9021747,57,1,71577.76352,142.1480143
1749,451.0457124,54,1,89335.4751,168.6074535
1750,451.3056367,48,1,54513.69652,123.0549585
1751,451.7864145,39,0,71065.99301,146.331438
1752,452.2859179,47,1,74631.08678,152.9967143
1753,452.3914405,51,1,73339.25282,156.4108152
1754,452.8123287,41,1,70078.77166,153.0264964
1755,453.2525643,33,1,23540.00071,100.5270791
1756,453.4129148,40,0,54935.05265,125.273803
1757,453.8573265,39,1,56370.33515,116.3610248
1758,454.2031894,45,0,65387.49969,152.4344492
1759,454.5325265,48,1,68333.87099,149.9556391
1760,454.5967304,50,1,68951.92654,175.8408034
1761,454.7199977,38,0,64651.84475,153.4982854
1762,454.7686384,46,1,45335.37063,120.2388396
1763,455.2032434,47,1,78911.27035,175.7360187
1764,455.2964138,50,1,77024.6403,156.5455686
1765,455.5286451,38,1,74006.21503,130.7461114
1766,455.6563491,43,1,56230.52881,133.0137686
1767,455.7879625,37,1,54360.15286,148.9058874
1768,455.9850521,41,1,55068.40125,119.2406123
1769,456.3223537,45,1,54428.47448,129.1434335
1770,456.3391858,48,0,82217.30352,151.0795343
1771,456.682305,40,1,53002.84987,123.2169399
1772,456.9774674,39,1,66289.53042,141.5479349
1773,457.3887112,34,0,37036.03391,107.008414
1774,457.7676559,42,1,44848.95588,106.6475925
1775,458.1822209,35,1,50939.91242,120.2605774
1776,458.63267,36,0,52619.83431,148.4501568
1777,458.8614903,64,1,82827.50691,161.079459
1778,458.9051375,26,1,32910.65126,100.7427553
1779,459.2675838,39,1,58571.15049,152.5888737
1780,459.5308352,40,1,58175.70063,131.9406566
1781,459.8415206,42,1,55102.69109,136.2463792
1782,460.1980182,54,1,77398.88905,152.2207224
1783,460.3911504,62,1,90046.05557,213.937995
1784,460.6769406,32,1,45542.13308,103.1422922
1785,460.7506418,49,1,68673.73395,148.2008542
1786,460.7655259,48,1,64807.69886,140.7559939
1787,461.1463037,52,1,67092.29531,137.0182053
1788,461.641517,20,1,44514.22554,113.7550469
1789,461.8600804,37,1,49134.763,132.4836181
1790,462.2559367,49,0,82027.15371,149.5701123
1791,462.3443685,29,1,52942.82244,135.9566519
1792,462.5873616,52,1,84321.59264,156.8608887
1793,462.931989,44,1,49195.25298,131.8978443
1794,463.0257764,40,1,61870.30726,141.7298025
1795,463.1304887,39,1,49926.29324,123.658518
1796,463.4707254,36,1,31455.60127,101.0029377
1797,463.67234,35,0,57589.24987,137.8755977
1798,464.1500983,46,1,71550.94685,141.92221
1799,464.4595614,46,1,55458.38376,138.5330985
1800,464.9358951,50,1,77490.73837,168.8657372
1801,465.0113025,35,0,64189.40235,136.5467616
1802,465.2965234,37,0,47737.31541,110.3250953
1803,465.5358543,43,0,60707.701,130.7090922
1804,465.6894679,34,1,46546.51152,109.9331414
1805,466.1322391,38,0,58899.61878,139.0307071
1806,466.4031514,46,0,51557.61636,114.6567194
1807,466.6142179,38,1,49356.18156,124.0231007
1808,466.6738022,42,1,84925.51222,176.4567122
1809,467.0094929,37,1,51393.65413,128.7112239
1810,467.4088303,35,1,28419.24398,104.1853797
1811,467.4849288,42,1,83523.68825,160.6657563
1812,467.7864396,62,1,97205.00122,188.2214364
1813,467.9129645,43,1,69235.50899,144.4326895
1814,467.994624,49,1,59986.40666,125.0472157
1815,468.06384,23,1,43332.23928,115.6371776
1816,468.5574474,26,1,22335.46784,78.71540268
1817,468.6926156,48,1,72141.55911,170.5674522
1818,468.8322195,33,0,32252.9992,95.56539815
1819,469.3038227,39,1,59200.01343,133.4698455
1820,469.3949916,52,0,87919.05426,175.0495653
1821,469.8326655,32,1,26802.91994,79.35405284
1822,469.9251705,46,0,41405.36672,121.827267
1823,470.1371161,39,1,31274.0535,99.47237406
1824,470.2863314,37,1,46788.35291,117.983916
1825,470.3492567,39,0,62167.9309,137.0716946
1826,470.6503853,49,0,71980.68662,137.2854596
1827,470.8191062,46,1,68190.40289,155.7658536
1828,471.0255138,35,1,54554.05482,133.474903
1829,471.4856626,58,1,77381.23715,166.9888037
1830,471.9547982,23,1,33726.64972,112.9549797
1831,472.2082148,45,1,59559.9679,154.6319807
1832,472.2614748,50,1,62157.67192,130.5700635
1833,472.3889491,41,1,68387.70264,131.4063206
1834,472.8364488,31,1,43431.19253,135.6129028
1835,472.847524,43,1,65097.72963,156.525227
1836,473.0494616,34,1,47482.453,126.716716
1837,473.2419021,44,1,68245.3189,152.1059446
1838,473.3752659,50,1,63327.93416,143.0671666
1839,473.4037539,35,1,60720.75137,126.4010232
1840,473.4813793,24,0,43856.26912,128.3449348
1841,473.6910504,42,1,61929.97229,133.8083539
1842,473.9306995,44,0,58027.93526,146.7497023
1843,474.1382596,38,0,57540.35387,128.021107
1844,474.2305945,33,1,47219.25735,122.1809853
1845,474.3308019,45,1,63380.78105,150.2315105
1846,474.4187816,36,0,35845.5402,102.2838066
1847,474.5060065,34,0,54372.32636,115.093168
1848,474.9533427,34,0,42972.22025,113.5622445
1849,474.9765207,47,1,81804.72823,154.8708113
1850,475.4585541,41,1,70010.53833,153.8203255
1851,475.5827079,29,0,54457.36815,123.4700759
1852,475.7151427,45,0,54006.70529,119.4072319
1853,475.926812,26,0,32727.08895,101.2418519
1854,476.1388869,35,1,52457.25896,121.0376644
1855,476.3007116,46,1,60171.50998,151.0520538
1856,476.3541962,36,1,43831.23061,105.4440984
1857,476.4591398,36,1,70915.04983,158.7596891
1858,476.6707372,39,0,54880.89557,135.1276528
1859,476.9535777,52,1,71516.29398,144.6396077
1860,477.2866837,34,1,62789.72655,145.8442483
1861,477.5440837,25,1,12409.357,73.00468908
1862,477.8225958,34,0,59985.62768,133.6907866
1863,478.1906602,50,0,83800.25053,174.6266955
1864,478.3903516,40,0,69349.80337,141.1032723
1865,478.7958413,38,1,54691.19533,125.1008348
1866,478.9136435,35,1,66947.65682,151.505646
1867,479.2171756,34,1,53466.3754,135.5029511
1868,479.4960982,45,1,65603.4395,167.865784
1869,479.5316323,40,1,64309.50692,145.2706563
1870,479.5450863,40,1,47569.71806,115.7311646
1871,479.6274854,38,0,48728.4078,127.7872725
1872,479.7353836,40,1,58551.44485,143.8502631
1873,479.7824839,39,1,81121.43906,151.5775176
1874,480.1751331,35,1,53703.85032,111.7159168
1875,480.3548269,39,0,53946.22609,138.8629469
1876,480.4688943,38,1,49749.5809,113.125782
1877,480.7448413,52,1,80300.28603,158.587875
1878,480.7479233,48,0,67985.60105,137.7417759
1879,480.808444,36,1,54805.4955,120.7131453
1880,480.8381069,33,1,42181.59851,93.6128495
1881,480.9882254,41,0,63581.07334,129.6818711
1882,481.4565277,53,1,80625.51174,135.7588734
1883,481.8253347,40,1,65940.46664,139.887197
1884,482.3098204,34,0,39227.21407,102.7886085
1885,482.443899,50,1,79221.80795,147.4429917
1886,482.4609201,23,0,29314.14758,98.0599997
1887,482.8508746,49,1,75216.41945,143.6297389
1888,483.2076902,40,1,48778.89325,134.7480911
1889,483.2807634,40,1,65603.27527,156.8947363
1890,483.4601728,46,1,60820.7809,134.6883663
1891,483.4940559,33,1,57884.77304,139.400232
1892,483.6338092,37,1,45108.00911,125.0628812
1893,483.9883142,36,1,52172.53784,132.2862525
1894,484.3526847,38,1,44008.51741,129.46389
1895,484.6083677,39,1,53857.26844,127.0952564
1896,484.9589564,34,1,50718.43245,130.7996025
1897,485.1359233,44,0,65030.27219,159.8481569
1898,485.3184687,33,0,36427.31537,119.6793162
1899,485.3298132,36,1,51038.02212,121.0731485
1900,485.4548562,42,1,54814.67767,130.0609108
1901,485.6007556,41,0,63752.60378,127.5557108
1902,485.7915237,26,1,47948.91964,116.2483994
1903,486.0176851,30,1,24199.48926,119.9088435
1904,486.160275,31,1,54237.44018,133.1250338
1905,486.4716777,49,1,79784.1835,166.6411318
1906,486.5042602,34,0,32053.56692,89.32447655
1907,486.7798239,46,1,62754.38028,145.5359733
1908,487.2210487,32,1,51217.65165,123.7595652
1909,487.429265,31,0,62021.62921,127.7268466
1910,487.4797666,32,1,71748.81308,156.528674
1911,487.831498,34,1,60770.65962,134.4478059
1912,487.9564287,40,1,43003.65382,111.8075168
1913,488.3431135,45,1,67444.24805,154.3217275
1914,488.511319,30,0,51147.89681,139.8181751
1915,488.6798879,46,0,58976.78359,134.2894165
1916,488.7320794,19,0,29138.56128,93.18355109
1917,489.1974846,33,1,65461.9059,153.9066725
1918,489.3035748,39,1,68333.9734,147.2464501
1919,489.4138227,45,1,89943.77362,187.143253
1920,489.8500116,31,1,50415.38024,131.5674524
1921,490.1256832,43,0,57898.25413,131.6859493
1922,490.5103306,17,0,17609.31662,97.31920925
1923,490.965365,33,0,42943.63818,115.3465335
1924,491.4371371,44,1,63408.22456,124.0922508
1925,491.8001114,37,0,73052.49495,156.8045458
1926,492.232587,30,0,33635.07405,90.91206998
1927,492.7223118,36,0,60462.73159,129.3802562
1928,492.8037639,38,1,53643.80368,133.4777777
1929,493.1159442,44,1,27825.66276,106.9383819
1930,493.5146667,29,0,57862.47656,138.0649006
1931,493.8279724,44,1,83532.68937,167.5346167
1932,493.8571246,31,0,41747.64341,135.2249862
1933,493.9443151,40,1,70903.84677,162.9981287
1934,494.3974125,27,1,28333.2493,88.0452255
1935,494.5367286,39,0,60214.47975,138.7316007
1936,495.0054804,51,1,73012.65356,162.934008
1937,495.0106036,42,1,64321.86258,149.163223
1938,495.2557904,33,1,53447.32777,126.0994296
1939,495.5999622,42,1,44448.46165,126.7679569
1940,495.7354853,45,1,60252.65134,139.7857043
1941,495.7749304,31,1,48893.06372,121.6645157
1942,496.0471524,36,1,56475.62055,107.9015865
1943,496.5416232,34,1,50638.44781,129.2855122
1944,496.8661342,34,1,50907.0178,126.092892
1945,497.1053311,37,0,52082.93204,134.946146
1946,497.1907678,35,0,39173.24313,100.9534568
1947,497.6528475,32,1,44798.5293,123.6447188
1948,498.1033716,39,1,56831.8079,121.640053
1949,498.2900275,34,1,28026.33165,105.0855277
1950,498.6923122,47,0,79056.69385,158.2299731
1951,498.8162049,37,1,43757.96634,120.1139877
1952,499.2347692,48,1,42985.83116,106.486541
1953,499.4826191,31,1,41425.06528,112.8472565
1954,499.6707394,16,1,2259.03715,63.61915428
1955,499.7205894,34,0,56438.85215,124.6999837
1956,499.9770634,41,1,67913.15094,144.4407765
1957,500.3473772,42,1,76682.09479,150.0907251
1958,500.7401466,39,1,46782.86219,106.2274535
1959,500.9028754,32,1,40476.67978,96.24728214
1960,501.2193165,28,0,51483.76231,127.776541
1961,501.5490317,29,1,37230.63223,111.1348689
1962,501.9628166,34,1,37875.79552,111.2267121
1963,502.2678697,29,0,40711.18788,102.6511181
1964,502.6254955,41,1,55678.6616,149.8916751
1965,502.7385882,32,0,54551.95261,137.4145488
1966,503.0395669,26,1,25763.74269,110.0146845
1967,503.3785165,33,1,42166.52391,103.1565773
1968,503.5834144,16,0,9276.713386,69.22531201
1969,503.9950418,35,1,45636.94563,124.7055591
1970,504.3059756,35,0,46927.58221,120.9042442
1971,504.5542395,38,1,64155.17144,131.8750771
1972,504.5812049,39,1,60598.96901,135.0845841
1973,504.7238785,40,1,54770.81422,140.6331914
1974,504.8162535,38,1,61359.11173,148.3981028
1975,505.0058539,51,0,54559.23441,123.1702812
1976,505.4078124,29,1,45208.62212,124.0109114
1977,505.6739042,24,1,19433.93641,98.24974145
1978,505.686343,32,1,47074.00933,125.8141852
1979,506.1668814,44,0,44262.25055,120.884976
1980,506.5811907,40,0,55948.36178,147.5685264
1981,506.9629804,29,1,37250.06923,100.749888
1982,507.2336988,26,1,23282.43464,99.15517866
1983,507.5198936,40,0,39751.42631,106.8242815
1984,507.5939852,30,1,53039.82848,136.0333067
1985,507.8489889,24,0,23661.84076,82.21179936
1986,508.2294885,28,0,60014.09257,146.0965218
1987,508.7132873,18,1,20361.81069,93.23037105
1988,508.998075,43,1,61175.7102,137.2262948
1989,509.0559067,26,1,46289.42133,135.4830666
1990,509.1283671,17,1,19487.88518,87.10628015
1991,509.4381263,32,1,24633.33596,93.27314458
1992,509.562149,40,1,53018.36231,120.2923455
1993,509.8072549,31,1,58786.1192,124.5349812
1994,509.8848199,36,0,56117.25533,119.6771513
1995,510.2615446,35,1,40014.97716,114.4450918
1996,510.7566798,35,0,41665.28419,118.8295613
1997,510.900879,35,1,48640.99704,126.9305422
1998,510.9612335,26,1,33727.59055,100.9594054
1999,511.1101095,28,1,34963.7068,118.5399065
2000,511.1181694,27,1,27037.93599,93.01473841
