subject_id,study,cohort,race,gender,firstgen,total_sleep_time,frac_nights_with_data,cum_gpa,term_gpa,term_units,Zterm_units_ZofZ
343,5,lac1,1,0,0,454.3214286,0.965517241,3.79,3.5,60,1.783529351
323,5,lac1,1,0,0,365.7241379,1,4,4,58,1.434026965
125,5,lac1,1,0,1,366.7586207,1,3,3.2,57,1.259275772
178,5,lac1,1,0,0,371.7272727,0.379310345,3.82,3.78,57,1.259275772
172,5,lac1,1,0,0,443.137931,1,2.91,2.61,54,0.735022193
190,5,lac1,1,0,0,375.8,0.862068966,3.79,3.17,54,0.735022193
197,5,lac1,1,0,0,335.9565217,0.793103448,1.57,2.67,54,0.735022193
142,5,lac1,1,0,0,373.1724138,1,4,3.81,53,0.560271
163,5,lac1,0,0,0,429.862069,1,3.52,3.46,53,0.560271
236,5,lac1,1,0,0,391.32,0.862068966,3.29,3.51,53,0.560271
247,5,lac1,0,0,0,365.9166667,0.827586207,3.72,3.81,53,0.560271
261,5,lac1,1,0,0,342.4545455,0.75862069,3.76,3.8,53,0.560271
301,5,lac1,1,0,0,293.4827586,1,4,3.77,53,0.560271
258,5,lac1,1,0,0,412.5357143,0.965517241,3.76,3.55,52,0.385519807
281,5,lac1,1,0,0,442.0909091,0.379310345,3.46,3.5,52,0.385519807
123,5,lac1,1,0,0,439.862069,1,3.46,4,51,0.210768614
208,5,lac1,0,0,0,382.4642857,0.965517241,2.65,3.53,50,0.036017421
326,5,lac1,0,0,0,399.4705882,0.586206897,1.94,1.79,50,0.036017421
234,5,lac1,0,0,1,303.4230769,0.896551724,1.91,2.98,49,-0.138733771
152,5,lac1,1,0,0,398.3636364,0.379310345,3.98,4,49,-0.138733771
196,5,lac1,1,0,0,456.4642857,0.965517241,3.79,3.18,49,-0.138733771
204,5,lac1,0,0,0,393.5789474,0.655172414,2.15,2.76,49,-0.138733771
289,5,lac1,0,0,0,400.7142857,0.724137931,2.76,3.23,49,-0.138733771
116,5,lac1,1,0,0,389.3846154,0.896551724,2.82,3.2,48,-0.313484964
120,5,lac1,1,0,0,445.6071429,0.965517241,3.8,4,48,-0.313484964
147,5,lac1,1,0,0,394.8666667,0.517241379,4,4,48,-0.313484964
164,5,lac1,1,0,0,387.9285714,0.965517241,3.26,3.04,48,-0.313484964
171,5,lac1,1,0,0,414.72,0.862068966,3.77,3.25,48,-0.313484964
175,5,lac1,1,0,0,307.3461538,0.896551724,3.4,3.6,48,-0.313484964
183,5,lac1,1,0,0,437.6206897,1,3.41,3.19,48,-0.313484964
249,5,lac1,1,0,0,394.1428571,0.965517241,3.61,3.38,48,-0.313484964
310,5,lac1,0,0,0,398.5,0.689655172,3.35,3.38,48,-0.313484964
356,5,lac1,1,0,0,303.75,0.275862069,3.22,1.38,48,-0.313484964
194,5,lac1,1,0,0,370.5238095,0.724137931,3.76,3.38,47,-0.488236157
134,5,lac1,1,0,0,430.0833333,0.413793103,3.79,3.41,46,-0.66298735
309,5,lac1,0,0,1,438.6296296,0.931034483,2.57,2.4,45,-0.837738543
144,5,lac1,1,0,0,431.2758621,1,3.05,2.73,45,-0.837738543
264,5,lac1,1,0,0,411.8636364,0.75862069,2.91,3.4,45,-0.837738543
322,5,lac1,1,0,0,421.8928571,0.965517241,2.9,3.36,45,-0.837738543
329,5,lac1,1,0,0,465.9285714,0.965517241,2.84,3.12,45,-0.837738543
149,5,lac1,1,0,0,402.6521739,0.793103448,2.49,2.77,44,-1.012489736
240,5,lac1,0,0,0,370.4482759,1,3.8,3.22,44,-1.012489736
157,5,lac1,0,0,1,428.6296296,0.931034483,2.44,3.07,43,-1.187240929
224,5,lac1,1,0,0,345.8928571,0.965517241,4,4,43,-1.187240929
242,5,lac1,1,0,0,413.6206897,1,3.49,3.54,42,-1.361992122
282,5,lac1,1,0,0,416.7241379,1,2.93,3.57,42,-1.361992122
124,5,lac1,0,0,0,444.9130435,0.793103448,4,4,41,-1.536743315
312,5,lac1,1,0,0,375.08,0.862068966,3.47,3.29,41,-1.536743315
110,5,lac1,1,0,0,392.2413793,1,4,4,40,-1.711494508
166,5,lac1,0,0,0,357.0344828,1,2,1.5,40,-1.711494508
170,5,lac1,1,0,0,348.0833333,0.827586207,2.6,3.08,39,-1.886245701
538,3,uw2,1,0,1,402.9642857,1,3.552758621,3.27,18,1.603330987
305,1,lac2,0,0,1,346.8095238,0.724137931,2.37,2.54,49,0.11155726
322,1,lac2,0,0,1,447.3793103,1,4,3.81,48,-0.127051324
615,1,lac2,1,0,1,250.3913043,0.793103448,3.58,2.55,54,1.304600178
617,1,lac2,0,0,1,320.952381,0.724137931,4,3.63,48,-0.127051324
48,2,uw1,1,0,1,329.037037,0.964285714,3.627272545,3.5,10,-1.80457982
60,2,uw1,0,0,1,388.1785714,1,3.629166333,3.466666,15,0.373361342
90,2,uw1,0,0,1,422.6666667,0.75,3.434482069,3.483333,12,-0.933403355
104,2,uw1,0,0,1,405.8461538,0.928571429,3.5249996,3.4,10,-1.80457982
150,2,uw1,0,0,1,368.0434783,0.821428571,2.8999996,3.15,18,1.680126039
154,2,uw1,1,0,1,402.28,0.892857143,3.3499995,3.76923,13,-0.497815123
163,2,uw1,1,0,1,474.9259259,0.964285714,3.896774032,4,15,0.373361342
186,2,uw1,1,0,1,419.4736842,0.678571429,3.925806129,3.888888,18,1.680126039
196,2,uw1,0,0,1,414.2962963,0.964285714,3.58749975,3.65,10,-1.80457982
201,2,uw1,1,0,1,391.3529412,0.607142857,2.738461154,2.35,10,-1.80457982
206,2,uw1,0,0,1,351.4814815,0.964285714,3.681818,3.95,10,-1.80457982
209,2,uw1,1,0,1,439.7142857,1,3.608695435,3.73125,16,0.808949574
304,3,uw2,1,0,1,362.2857143,0.75,2.9484,2.64,15,0.041207105
321,3,uw2,0,0,1,413.7407407,0.964285714,3.048181818,3.67,17,1.082623027
337,3,uw2,0,0,1,411.6428571,1,3.455,2.97,17,1.082623027
398,3,uw2,1,0,1,446.1785714,1,3.13,3,15,0.041207105
400,3,uw2,0,0,1,421.7857143,1,3.0425,3.53,15,0.041207105
406,3,uw2,1,0,1,395.3571429,1,3.7,3.32,18,1.603330987
415,3,uw2,0,0,1,360.75,1,2.206363636,2.54,17,1.082623027
434,3,uw2,1,0,1,438,0.321428571,3.563214286,4,15,0.041207105
440,3,uw2,1,0,1,438.4642857,1,3.818,3.63,15,0.041207105
443,3,uw2,0,0,1,383.7142857,1,2.961363636,3.45,13,-1.000208817
467,3,uw2,0,0,1,438.6428571,1,3.728181818,3.5,16,0.561915066
472,3,uw2,0,0,1,404.3928571,1,2.99625,1.8,12,-1.520916778
481,3,uw2,1,0,1,425.7857143,1,3.735,3.4,13,-1.000208817
488,3,uw2,0,0,1,357.3333333,0.321428571,3.149333333,2.5,17,1.082623027
496,3,uw2,0,0,1,507.1,0.714285714,3.7075,3.1,15,0.041207105
500,3,uw2,0,0,1,447.56,0.892857143,3.4136,3.47,15,0.041207105
521,3,uw2,1,0,1,386.2,0.714285714,3.456,3.15,13,-1.000208817
535,3,uw2,1,0,1,384.6,0.892857143,3.075,2.46,15,0.041207105
543,3,uw2,1,0,1,417.1785714,1,2.617058824,3.35,17,1.082623027
560,3,uw2,0,0,1,509.2857143,1,3.155769231,3.47,16,0.561915066
17020,4,nh,0,0,1,429.6071429,0.933333333,3.166666667,3.5, , 
51723,4,nh,1,0,1,273.9166667,0.8,2.8002,3.4668, , 
72885,4,nh,1,0,1,356.8333333,1,3.3334,3.2666, , 
92566,4,nh,1,0,1,327.5185185,0.9,3.6666,3.809571429, , 
94455,4,nh,1,0,1,275.8461538,0.866666667,3.055666667,3.333333333, , 
306,1,lac2,1,0,0,339.9545455,0.75862069,3.4,3.5,45,-0.842877075
308,1,lac2,0,0,0,414.3333333,0.931034483,2.53,2.4,48,-0.127051324
314,1,lac2,1,0,0,381.2142857,0.965517241,2.79,3.37,49,0.11155726
360,1,lac2,1,0,0,350.6956522,0.793103448,3.29,3.39,49,0.11155726
361,1,lac2,1,0,0,357.7272727,0.75862069,3.59,3.38,49,0.11155726
380,1,lac2,1,0,0,376.5862069,1,3.48,3.46,47,-0.365659907
383,1,lac2,1,0,0,411.8333333,0.827586207,3.77,3.57,47,-0.365659907
386,1,lac2,1,0,0,422.137931,1,3.22,3.58,53,1.065991594
394,1,lac2,1,0,0,425.3448276,1,3.74,3.81,52,0.827383011
396,1,lac2,1,0,0,362.0952381,0.724137931,3.8,3.61,56,1.781817345
419,1,lac2,1,0,0,340,0.931034483,3.56,3.59,46,-0.604268491
432,1,lac2,1,0,0,263.5294118,0.586206897,3.21,3.05,45,-0.842877075
453,1,lac2,1,0,0,283.3333333,0.517241379,3.6,2.18,47,-0.365659907
479,1,lac2,1,0,0,408.3214286,0.965517241,2.86,3.78,46,-0.604268491
506,1,lac2,1,0,0,411.7241379,1,4,4,60,2.73625168
541,1,lac2,1,0,0,393.2857143,0.965517241,4,4,49,0.11155726
551,1,lac2,1,0,0,431.3448276,1,4,3.42,55,1.543208762
563,1,lac2,1,0,0,427.7857143,0.965517241,4,4,40,-2.035919993
577,1,lac2,1,0,0,393.72,0.862068966,3.78,3.81,46,-0.604268491
581,1,lac2,1,0,0,397.962963,0.931034483,3.56,4,45,-0.842877075
586,1,lac2,1,0,0,427.1052632,0.655172414,3.8,4,49,0.11155726
609,1,lac2,1,0,0,421.4736842,0.655172414,3.77,3.79,47,-0.365659907
613,1,lac2,1,0,0,388.4090909,0.75862069,4,4,54,1.304600178
631,1,lac2,1,0,0,428.5,0.965517241,2.36,2.79,47,-0.365659907
662,1,lac2,0,0,0,457.3703704,0.931034483,1.7,2.47,43,-1.320094242
665,1,lac2,1,0,0,405.3846154,0.896551724,3.52,3.57,51,0.588774427
670,1,lac2,1,0,0,413.1071429,0.965517241,3,3.53,45,-0.842877075
1,2,uw1,1,0,0,445.24,0.892857143,3.196295815,3.9,5,-3.982520982
10,2,uw1,1,0,0,361.8095238,0.75,3.9230765,4,15,0.373361342
12,2,uw1,1,0,0,370.5,0.857142857,3.555172069,3.56923,13,-0.497815123
13,2,uw1,1,0,0,404.8,0.892857143,3.592856464,3.533333,15,0.373361342
28,2,uw1,1,0,0,439.2142857,1,3.744827034,3.838461,13,-0.497815123
38,2,uw1,1,0,0,433.25,0.714285714,3.883333,3.9,10,-1.80457982
39,2,uw1,1,0,0,371.1071429,1,3.466666182,3.608333,12,-0.933403355
45,2,uw1,1,0,0,348.962963,0.964285714,3.96,3.766666,15,0.373361342
47,2,uw1,1,0,0,337.3928571,1,3.8666665,3.566666,15,0.373361342
49,2,uw1,1,0,0,400.25,0.285714286,3.396551241,3.563636,11,-1.368991587
54,2,uw1,1,0,0,399.5238095,0.75,3.082757931,2.477777,18,1.680126039
57,2,uw1,1,0,0,438.75,0.857142857,3.2,3.038461,13,-0.497815123
76,2,uw1,1,0,0,434.3333333,0.964285714,3.686206552,3.335714,14,-0.06222689
88,2,uw1,1,0,0,436.3846154,0.928571429,3.54074037,3.233333,15,0.373361342
95,2,uw1,1,0,0,496.8461538,0.928571429,3.9041665,3.9,10,-1.80457982
97,2,uw1,0,0,0,389.7407407,0.964285714,3.693102931,3.533333,15,0.373361342
99,2,uw1,1,0,0,400.0384615,0.928571429,3.590624313,3.366666,15,0.373361342
120,2,uw1,1,0,0,408,1,2.611110667,3.464285,14,-0.06222689
138,2,uw1,1,0,0,386.0769231,0.464285714,3.7730765,3.866666,15,0.373361342
140,2,uw1,1,0,0,441.9285714,1,3.803333,3.944444,18,1.680126039
143,2,uw1,1,0,0,449.2,0.714285714,3.986842105,3.916666,18,1.680126039
145,2,uw1,1,0,0,423.6923077,0.928571429,3.239130435,3.633333,15,0.373361342
156,2,uw1,1,0,0,346.7142857,1,3.609374969,3.441176,17,1.244537807
159,2,uw1,0,0,0,287.8571429,0.5,3.421428286,2.91875,16,0.808949574
160,2,uw1,1,0,0,455.6,0.535714286,3.709090818,3.442857,14,-0.06222689
178,2,uw1,1,0,0,329.4117647,0.607142857,3.269999433,2.894444,18,1.680126039
181,2,uw1,1,0,0,368.6666667,0.75,2.8999996,3.266666,15,0.373361342
183,2,uw1,1,0,0,353.6538462,0.928571429,3.880645161,4,15,0.373361342
184,2,uw1,1,0,0,388.7857143,1,3.8799996,3.666666,15,0.373361342
194,2,uw1,1,0,0,485.8571429,0.25,3.5299995,3.733333,15,0.373361342
197,2,uw1,0,0,0,404,0.535714286,2.983333,2.933333,15,0.373361342
202,2,uw1,1,0,0,393.5,0.357142857,3.886206586,3.866666,15,0.373361342
205,2,uw1,1,0,0,475.2962963,0.964285714,3.7999995,3.766666,15,0.373361342
313,3,uw2,1,0,0,383.9642857,1,2.92,3.52,15,0.041207105
320,3,uw2,1,0,0,420.2962963,0.964285714,3.335,3.63,15,0.041207105
347,3,uw2,1,0,0,418.5357143,1,3.816896552,3.67,15,0.041207105
353,3,uw2,1,0,0,401.88,0.892857143,2.827857143,3,9,-3.08304066
370,3,uw2,1,0,0,366.3846154,0.928571429,3.315,3.9,16,0.561915066
372,3,uw2,1,0,0,466.6363636,0.785714286,3.428333333,3.28,13,-1.000208817
374,3,uw2,1,0,0,533.2142857,1,3.938,3.8,15,0.041207105
376,3,uw2,1,0,0,363.2857143,1,3.267272727,3.84,15,0.041207105
385,3,uw2,1,0,0,497.8888889,0.964285714,3.33,3.59,14,-0.479500856
388,3,uw2,1,0,0,402.3214286,1,3.75862069,3.43,15,0.041207105
390,3,uw2,1,0,0,433.28,0.892857143,2.498235294,3.83,13,-1.000208817
391,3,uw2,1,0,0,401.037037,0.964285714,3.788181818,3.91,16,0.561915066
392,3,uw2,1,0,0,359.3928571,1,3.720645161,3.77,18,1.603330987
403,3,uw2,1,0,0,508.8846154,0.928571429,3.546363636,3.46,17,1.082623027
404,3,uw2,1,0,0,336.3703704,0.964285714,2.538947368,1.96,12,-1.520916778
411,3,uw2,0,0,0,336.3928571,1,3.03,2,16,0.561915066
427,3,uw2,1,0,0,194.7826087,0.821428571,2.947272727,1.07,15,0.041207105
432,3,uw2,1,0,0,371.5714286,0.5,3.2525,3.93,15,0.041207105
442,3,uw2,1,0,0,387.4642857,1,3.673448276,4,15,0.041207105
445,3,uw2,1,0,0,397.25,1,3.348181818,3.71,17,1.082623027
456,3,uw2,1,0,0,466.9642857,1,3.925454545,4,16,0.561915066
474,3,uw2,0,0,0,350.8148148,0.964285714,3.092333333,2.26,8,-3.603748621
489,3,uw2,1,0,0,466.2592593,0.964285714,3.46,3.37,13,-1.000208817
491,3,uw2,0,0,0,337.5,0.571428571,3.40875,3.11,17,1.082623027
502,3,uw2,0,0,0,463.1,0.714285714,3.3,2.87,15,0.041207105
505,3,uw2,1,0,0,461.0714286,1,4,4,14,-0.479500856
512,3,uw2,1,0,0,436.25,0.714285714,3.295882353,3.33,18,1.603330987
516,3,uw2,1,0,0,451.0714286,1,3.625714286,3.54,17,1.082623027
524,3,uw2,1,0,0,391.8928571,1,3.875555556,3.87,14,-0.479500856
525,3,uw2,1,0,0,335.2592593,0.964285714,1.587692308,0.35,10,-2.5623327
542,3,uw2,0,0,0,426.5,1,3.165,3.33,16,0.561915066
544,3,uw2,1,0,0,452.56,0.892857143,3.223703704,3.5,15,0.041207105
546,3,uw2,1,0,0,414.6153846,0.928571429,3.670689655,3.62,15,0.041207105
549,3,uw2,0,0,0,403.4444444,0.964285714,3.324347826,3.46,14,-0.479500856
550,3,uw2,1,0,0,399.1071429,1,3.553214286,3.54,13,-1.000208817
552,3,uw2,1,0,0,429.2307692,0.928571429,3.713928571,3.19,13,-1.000208817
561,3,uw2,1,0,0,445.2692308,0.928571429,3.5353125,2.97,15,0.041207105
569,3,uw2,1,0,0,388,0.357142857,3.1625,3.71,19,2.124038948
11002,4,nh,1,0,0,371.5517241,0.966666667,3.904857143,3.952428571, , 
13486,4,nh,1,0,0,401.9666667,1,3.277666667,3.611166667, , 
14571,4,nh,0,0,0,440.2142857,0.933333333,3.333428571,3.3335, , 
14737,4,nh,1,0,0,306,0.866666667,3.666833333,3.777833333, , 
17932,4,nh,1,0,0,415.36,0.833333333,3.833333333,3.833333333, , 
19245,4,nh,1,0,0,279.1724138,0.966666667,3.777666667,3.9445, , 
19735,4,nh,0,0,0,381.8333333,1,3.5555,3.7334, , 
21887,4,nh,1,0,0,460.6896552,0.966666667,3.611166667,3.9445, , 
21932,4,nh,1,0,0,357.4333333,1,3.9445,4, , 
22138,4,nh,1,0,0,427.8,1,3.666714286,3.91675, , 
22408,4,nh,1,0,0,383.9230769,0.866666667,3.777833333,3.888833333, , 
22688,4,nh,1,0,0,393.4666667,1,3.888833333,3.9445, , 
22842,4,nh,1,0,0,405.3,1,3.3334,2.833333333, , 
24883,4,nh,1,0,0,399.6896552,0.966666667,4,3.889, , 
25197,4,nh,1,0,0,377.9666667,1,3.9445,3.888833333, , 
25548,4,nh,1,0,0,426.0344828,0.966666667,3.9445,3.889, , 
28653,4,nh,1,0,0,413.6206897,0.966666667,3.888833333,3.722333333, , 
29257,4,nh,0,0,0,369.9310345,0.966666667,3.619142857,3.809571429, , 
29885,4,nh,1,0,0,393.4137931,0.966666667,3.111166667,3.500166667, , 
33785,4,nh,1,0,0,412.9310345,0.966666667,3.555666667,3.4445, , 
35416,4,nh,1,0,0,371.1923077,0.866666667,3.722333333,3.166666667, , 
35824,4,nh,1,0,0,395.9310345,0.966666667,3.388833333,3.5, , 
36038,4,nh,0,0,0,368.9615385,0.866666667,3.4445,3.666714286, , 
36117,4,nh,1,0,0,413.6551724,0.966666667,3.571428571,3.777833333, , 
36501,4,nh,1,0,0,438.88,0.833333333,3.555666667,3.611333333, , 
36574,4,nh,1,0,0,483.3333333,0.8,3.714285714,3.8668, , 
38815,4,nh,1,0,0,333.0740741,0.9,3.778,3.611166667, , 
44873,4,nh,0,0,0,364.2758621,0.966666667,3.333333333,3.778, , 
46365,4,nh,1,0,0,398.4074074,0.9,4,4, , 
46418,4,nh,1,0,0,375.7368421,0.633333333,3.666571429,3.875, , 
49539,4,nh,1,0,0,390.75,0.8,3.1665,3.611, , 
50766,4,nh,1,0,0,415.0769231,0.866666667,3.833333333,4, , 
52302,4,nh,0,0,0,430.0333333,1,3.7334,3.611333333, , 
59097,4,nh,0,0,0,445.4333333,1,3.722166667,3.7334, , 
59207,4,nh,1,0,0,481.3571429,0.933333333,3.389,3.555666667, , 
62246,4,nh,1,0,0,437.2,1,3.777833333,3.8335, , 
63347,4,nh,1,0,0,408.3793103,0.966666667,3.952428571,3.904857143, , 
64296,4,nh,1,0,0,347.9,1,3.5,3.444333333, , 
65656,4,nh,1,0,0,311.6071429,0.933333333,3.523857143,3.238142857, , 
66815,4,nh,1,0,0,408.1724138,0.966666667,3.9445,3.833333333, , 
67106,4,nh,0,0,0,398.1,1,3.888833333,4, , 
67574,4,nh,1,0,0,358.9473684,0.633333333,3.666666667,3.4445, , 
67709,4,nh,0,0,0,405.2083333,0.8,3.5334,3.625, , 
67918,4,nh,1,0,0,465.7,1,3.889,3.888833333, , 
69057,4,nh,1,0,0,316.7666667,1,3.222166667,3.000166667, , 
70492,4,nh,1,0,0,299.0740741,0.9,3.4445,3.555666667, , 
71985,4,nh,1,0,0,376.9259259,0.9,3.666666667,3.555666667, , 
73158,4,nh,0,0,0,415.0333333,1,3.952428571,3.904857143, , 
74899,4,nh,1,0,0,334.5294118,0.566666667,3.571428571,3.500166667, , 
77711,4,nh,1,0,0,427.3666667,1,3.9445,3.888833333, , 
79607,4,nh,1,0,0,340.1111111,0.9,3.833375,3.904714286, , 
80177,4,nh,1,0,0,357.8571429,0.7,3.777833333,3.889, , 
81807,4,nh,1,0,0,366.7,1,3.833333333,3.666833333, , 
85503,4,nh,1,0,0,349.3076923,0.866666667,3.611166667,3.222333333, , 
86440,4,nh,1,0,0,368.04,0.833333333,3.777833333,3.8002, , 
87328,4,nh,1,0,0,453.6666667,0.3,3.9445,3.889, , 
88882,4,nh,1,0,0,332.2758621,0.966666667,3.9445,3.9445, , 
89607,4,nh,1,0,0,325.4444444,0.9,3.277666667,2.722166667, , 
91551,4,nh,1,0,0,260.5714286,0.933333333,3.857285714,3.9445, , 
92038,4,nh,1,0,0,420.2758621,0.966666667,3.777833333,4, , 
92412,4,nh,1,0,0,443.7,1,4,4, , 
92515,4,nh,1,0,0,398.7894737,0.633333333,4,4, , 
92552,4,nh,0,0,0,342.3809524,0.7,3.500166667,3.1334, , 
93485,4,nh,1,0,0,419.2666667,1,3.888833333,3.666666667, , 
94641,4,nh,1,0,0,359.7931034,0.966666667,3.8002,3.666666667, , 
95543,4,nh,0,0,0,363.2,1,3.8335,3.9445, , 
95559,4,nh,1,0,0,351.5,1,3.111166667,3.166833333, , 
96613,4,nh,1,0,0,468.6428571,0.933333333,3.666666667,3.666833333, , 
97448,4,nh,0,0,0,367.7931034,0.966666667,3.889,3.611166667, , 
98462,4,nh,1,0,0,360.76,0.833333333,3.389,3.388833333, , 
99978,4,nh,0,0,0,383.4482759,0.966666667,3.722166667,3.611333333, , 
185,5,lac1,1,1,0,432.2,0.862068966,3,3.38,73,4.055294859
158,5,lac1,0,1,0,391.9310345,1,3.66,2.6,64,2.482534122
209,5,lac1,1,1,0,344.3043478,0.793103448,3.57,3.07,63,2.30778293
102,5,lac1,0,1,1,392.6206897,1,3.61,3.56,61,1.958280544
174,5,lac1,1,1,0,423.4210526,0.655172414,3.21,4,61,1.958280544
184,5,lac1,1,1,0,397.4,0.862068966,3.2,3.36,60,1.783529351
255,5,lac1,1,1,0,348.5925926,0.931034483,3.4,3.19,60,1.783529351
265,5,lac1,1,1,0,422.1111111,0.931034483,3.86,3.28,60,1.783529351
137,5,lac1,1,1,0,308.9655172,1,3.53,2.55,59,1.608778158
279,5,lac1,1,1,0,314.5862069,1,3.61,3.49,59,1.608778158
220,5,lac1,1,1,0,382.1923077,0.896551724,3.82,3.76,58,1.434026965
337,5,lac1,1,1,0,389.7241379,1,3.33,3.74,58,1.434026965
216,5,lac1,1,1,1,360,1,3.16,3.56,57,1.259275772
211,5,lac1,1,1,0,292.1034483,1,3.77,2.78,57,1.259275772
316,5,lac1,0,1,0,446.1304348,0.793103448,3.71,2.83,57,1.259275772
153,5,lac1,1,1,1,439.5517241,1,3.1,3.3,56,1.084524579
130,5,lac1,1,1,0,359.1724138,1,4,3.44,55,0.909773386
303,5,lac1,1,1,0,384.8275862,1,3.17,3.05,55,0.909773386
160,5,lac1,1,1,0,372.25,0.965517241,4,3.82,54,0.735022193
295,5,lac1,1,1,0,402.4166667,0.827586207,3.47,3,54,0.735022193
353,5,lac1,1,1,0,360.862069,1,3.62,3.81,54,0.735022193
181,5,lac1,1,1,0,408.1153846,0.896551724,4,4,53,0.560271
198,5,lac1,0,1,0,371.2758621,1,3.3,2.94,53,0.560271
299,5,lac1,0,1,0,300.375,0.551724138,3.28,1.7,53,0.560271
129,5,lac1,1,1,0,411.3103448,1,4,3.4,52,0.385519807
133,5,lac1,1,1,0,477.9230769,0.896551724,3.48,3.83,52,0.385519807
179,5,lac1,1,1,0,447.6551724,1,3.07,2.43,52,0.385519807
201,5,lac1,0,1,0,444.2857143,0.965517241,3.71,3.79,52,0.385519807
254,5,lac1,1,1,0,443.3793103,1,3.8,4,52,0.385519807
308,5,lac1,1,1,0,401.0769231,0.896551724,3.74,3.39,52,0.385519807
145,5,lac1,1,1,0,406.52,0.862068966,3.72,3.06,51,0.210768614
167,5,lac1,1,1,0,445.9230769,0.896551724,4,4,51,0.210768614
168,5,lac1,1,1,0,406.2758621,1,3.23,3.59,51,0.210768614
223,5,lac1,1,1,0,421.5,0.482758621,3.2,1.69,51,0.210768614
233,5,lac1,1,1,0,362.9411765,0.586206897,2.62,2.46,51,0.210768614
304,5,lac1,1,1,0,362.3928571,0.965517241,3,3.41,51,0.210768614
189,5,lac1,1,1,0,379.4827586,1,4,3.56,50,0.036017421
191,5,lac1,1,1,0,377.8333333,0.827586207,4,4,50,0.036017421
215,5,lac1,1,1,0,424.7241379,1,3.79,4,50,0.036017421
291,5,lac1,1,1,0,433.3043478,0.793103448,1.21,2.32,50,0.036017421
332,5,lac1,1,1,1,359.5,0.827586207,3.4,3.69,49,-0.138733771
104,5,lac1,1,1,0,377.5652174,0.793103448,3.21,3.3,49,-0.138733771
173,5,lac1,1,1,0,400.1851852,0.931034483,2.93,3.06,49,-0.138733771
241,5,lac1,1,1,0,393.5217391,0.793103448,3.81,3.6,49,-0.138733771
349,5,lac1,1,1,0,430.75,0.275862069,3.44,3.61,49,-0.138733771
357,5,lac1,1,1,0,397.8846154,0.896551724,4,4,49,-0.138733771
109,5,lac1,1,1,0,422.8275862,1,3.09,2.6,48,-0.313484964
176,5,lac1,1,1,0,418.44,0.862068966,2.5,2.33,48,-0.313484964
214,5,lac1,1,1,0,477.4285714,0.965517241,4,4,48,-0.313484964
218,5,lac1,1,1,0,442.1071429,0.965517241,4,4,48,-0.313484964
278,5,lac1,1,1,0,266.8333333,0.413793103,2.98,3.56,48,-0.313484964
305,5,lac1,1,1,0,361.4285714,0.965517241,3.52,3.26,48,-0.313484964
306,5,lac1,1,1,0,330.4827586,1,3.56,2.98,48,-0.313484964
200,5,lac1,1,1,0,463.9130435,0.793103448,3.71,3.77,47,-0.488236157
280,5,lac1,1,1,0,352.8125,0.551724138,2.33,3.5,47,-0.488236157
311,5,lac1,1,1,0,378.25,0.965517241,3.21,2.49,46,-0.66298735
346,5,lac1,1,1,0,361.4736842,0.655172414,3.74,3.48,46,-0.66298735
347,5,lac1,1,1,0,445.5862069,1,3.74,3.74,46,-0.66298735
313,5,lac1,1,1,1,378.0769231,0.896551724,3.29,2.47,45,-0.837738543
334,5,lac1,1,1,1,388.8181818,0.75862069,3.21,2.6,45,-0.837738543
338,5,lac1,1,1,1,388.6428571,0.482758621,3.29,2.87,45,-0.837738543
148,5,lac1,1,1,0,324.6296296,0.931034483,2,2.8,45,-0.837738543
180,5,lac1,1,1,0,574.3448276,1,3.49,3.6,45,-0.837738543
202,5,lac1,0,1,0,300.3793103,1,1.95,3,45,-0.837738543
229,5,lac1,1,1,0,367.7916667,0.827586207,3,3.75,45,-0.837738543
266,5,lac1,0,1,0,360.6896552,1,3.07,2.4,45,-0.837738543
284,5,lac1,1,1,0,383.32,0.862068966,3,3.6,45,-0.837738543
287,5,lac1,1,1,0,398.9259259,0.931034483,3.39,3.6,45,-0.837738543
288,5,lac1,1,1,0,460.5185185,0.931034483,3.57,2.6,45,-0.837738543
292,5,lac1,1,1,0,349.3529412,0.586206897,3.39,3.8,45,-0.837738543
302,5,lac1,1,1,0,326.5,0.896551724,3.25,3.4,45,-0.837738543
307,5,lac1,1,1,0,399.8928571,0.965517241,2.67,3.13,45,-0.837738543
333,5,lac1,1,1,0,360.6086957,0.793103448,3.79,4,45,-0.837738543
276,5,lac1,1,1,1,338.2916667,0.827586207,3.43,3.21,43,-1.187240929
119,5,lac1,0,1,0,465.4482759,1,2.7,1.97,43,-1.187240929
136,5,lac1,1,1,0,414.0689655,1,3.23,3.49,43,-1.187240929
300,5,lac1,1,1,0,413.3793103,1,2.96,3.28,42,-1.361992122
341,5,lac1,1,1,0,351.6296296,0.931034483,3.5,3.51,41,-1.536743315
297,5,lac1,1,1,0,335.8571429,0.724137931,3.27,3.03,40,-1.711494508
518,1,lac2,1,1,1,296.95,0.689655172,4,4,53,1.065991594
653,1,lac2,1,1,1,313.8695652,0.793103448,2.98,3.28,50,0.350165843
2,2,uw1,1,1,1,587.6666667,0.214285714,3.321428036,3.833333,18,1.680126039
6,2,uw1,1,1,1,406.8846154,0.928571429,3.426666267,3.476923,13,-0.497815123
19,2,uw1,1,1,1,411.2666667,0.535714286,3.265517103,3.1,15,0.373361342
32,2,uw1,1,1,1,405.2142857,1,3.17999955,3.5,10,-1.80457982
33,2,uw1,1,1,1,396.5,1,2.566666,2.992307,13,-0.497815123
34,2,uw1,1,1,1,389,0.535714286,3.740740481,3.478571,14,-0.06222689
37,2,uw1,1,1,1,434,1,3.6999995,3.192857,14,-0.06222689
42,2,uw1,1,1,1,425.4642857,1,3.799999864,3.95,10,-1.80457982
43,2,uw1,1,1,1,394.8928571,1,3.6999995,3.866666,12,-0.933403355
44,2,uw1,0,1,1,469.5,0.857142857,3.126470529,2.728571,14,-0.06222689
50,2,uw1,1,1,1,412.5555556,0.964285714,3.599999619,3.435714,14,-0.06222689
78,2,uw1,1,1,1,408.5555556,0.964285714,3.499999667,3.466666,15,0.373361342
80,2,uw1,1,1,1,430.037037,0.964285714,3.65,3.527777,18,1.680126039
82,2,uw1,1,1,1,398.5,1,3.796551103,3.666666,15,0.373361342
84,2,uw1,1,1,1,377.5357143,1,3.78399956,3.753846,13,-0.497815123
86,2,uw1,1,1,1,394.3928571,1,3.4875,3.646666,15,0.373361342
89,2,uw1,1,1,1,398.9166667,0.857142857,3.375,2.26923,13,-0.497815123
98,2,uw1,1,1,1,407.3214286,1,3.370967742,3.966666,15,0.373361342
108,2,uw1,1,1,1,498.9230769,0.928571429,3.249999679,3.076923,13,-0.497815123
117,2,uw1,1,1,1,390.4642857,1,3.351724138,2.690909,11,-1.368991587
125,2,uw1,1,1,1,367.8846154,0.928571429,3.279310103,3.766666,15,0.373361342
132,2,uw1,0,1,1,430.4285714,1,2.331817364,3.446153,13,-0.497815123
137,2,uw1,0,1,1,392.8518519,0.964285714,3.6599998,3.533333,15,0.373361342
144,2,uw1,1,1,1,335.1785714,1,3.35599984,2.871428,14,-0.06222689
149,2,uw1,0,1,1,369.2857143,1,2.7,3,12,-0.933403355
169,2,uw1,0,1,1,471.3214286,1,3.543749469,3.517647,17,1.244537807
174,2,uw1,1,1,1,404.9615385,0.928571429,2.310344414,3.376923,13,-0.497815123
176,2,uw1,1,1,1,374.8888889,0.964285714,2.249999462,2.870588,17,1.244537807
305,3,uw2,1,1,1,434.8571429,1,3.775,3.92,13,-1.000208817
325,3,uw2,1,1,1,353.3214286,1,3.010952381,3.39,16,0.561915066
328,3,uw2,1,1,1,349.5714286,1,3.835909091,3.85,13,-1.000208817
357,3,uw2,1,1,1,445.6428571,1,3.16,3.53,15,0.041207105
420,3,uw2,1,1,1,336.0416667,0.857142857,3.156818182,2.9,12,-1.520916778
421,3,uw2,1,1,1,416.1785714,1,3.201111111,3.62,18,1.603330987
433,3,uw2,1,1,1,438.8928571,1,3.534444444,3.72,14,-0.479500856
455,3,uw2,1,1,1,373.56,0.892857143,2.605714286,2.57,15,0.041207105
457,3,uw2,1,1,1,420.9166667,0.857142857,3.482173913,3.33,16,0.561915066
466,3,uw2,0,1,1,385.0357143,1,3.802083333,3.85,18,1.603330987
470,3,uw2,1,1,1,405.2272727,0.785714286,2.9855,1.55,11,-2.041624739
471,3,uw2,0,1,1,402.6,0.892857143,3.800454545,3.25,13,-1.000208817
473,3,uw2,0,1,1,410.1111111,0.964285714,3.662727273,3.35,13,-1.000208817
504,3,uw2,0,1,1,335.6296296,0.964285714,2.850714286,2.97,16,0.561915066
517,3,uw2,1,1,1,511.8,0.892857143,3.24,2.8,13,-1.000208817
526,3,uw2,1,1,1,409.75,1,3.26,3.52,13,-1.000208817
551,3,uw2,1,1,1,414.7692308,0.928571429,3.426551724,3.37,15,0.041207105
14847,4,nh,1,1,1,456.5666667,1,3.333166667,3.666833333, , 
18707,4,nh,1,1,1,419.9,1,2.9334,3.277833333, , 
79897,4,nh,1,1,1,384.2,1,3.722166667,3.722333333, , 
293,1,lac2,1,1,0,370.037037,0.931034483,4,3.76,49,0.11155726
294,1,lac2,1,1,0,406.76,0.862068966,4,3.55,49,0.11155726
297,1,lac2,0,1,0,253.7647059,0.586206897,3,3.59,46,-0.604268491
303,1,lac2,1,1,0,411.8518519,0.931034483,3.8,3.46,39,-2.274528576
304,1,lac2,0,1,0,408.1111111,0.931034483,3.17,3.5,39,-2.274528576
315,1,lac2,1,1,0,430.125,0.827586207,4,3.61,47,-0.365659907
321,1,lac2,1,1,0,357.72,0.862068966,4,3.44,54,1.304600178
333,1,lac2,1,1,0,402.1481481,0.931034483,3.79,4,46,-0.604268491
337,1,lac2,1,1,0,367.7586207,1,3.57,3.81,51,0.588774427
338,1,lac2,1,1,0,366.4074074,0.931034483,3.7,3.57,50,0.350165843
342,1,lac2,1,1,0,455.6153846,0.896551724,4,4,51,0.588774427
343,1,lac2,1,1,0,330.8947368,0.655172414,2.92,3.12,50,0.350165843
350,1,lac2,1,1,0,406.7307692,0.896551724,3.74,3.81,52,0.827383011
376,1,lac2,1,1,0,455.4285714,0.965517241,3.48,2.98,48,-0.127051324
378,1,lac2,1,1,0,299.0952381,0.724137931,4,4,51,0.588774427
379,1,lac2,1,1,0,343.0769231,0.896551724,3.07,4,48,-0.127051324
381,1,lac2,1,1,0,398,0.379310345,4,4,45,-0.842877075
390,1,lac2,1,1,0,283.1111111,0.620689655,3.81,3.56,48,-0.127051324
395,1,lac2,1,1,0,338.6785714,0.965517241,3.4,3.81,51,0.588774427
402,1,lac2,1,1,0,427.28,0.862068966,3.76,3.72,43,-1.320094242
412,1,lac2,1,1,0,397.9230769,0.448275862,3.6,4,51,0.588774427
413,1,lac2,1,1,0,413.7857143,0.965517241,3.79,3,51,0.588774427
422,1,lac2,1,1,0,373.88,0.862068966,3.29,3.28,45,-0.842877075
427,1,lac2,1,1,0,452.5333333,0.517241379,4,4,55,1.543208762
430,1,lac2,1,1,0,301.3103448,1,3.58,3.24,56,1.781817345
452,1,lac2,1,1,0,394.8275862,1,4,4,50,0.350165843
454,1,lac2,1,1,0,384.96,0.862068966,3.12,3.6,45,-0.842877075
461,1,lac2,1,1,0,424.6785714,0.965517241,3.81,3.59,49,0.11155726
463,1,lac2,1,1,0,341.4814815,0.931034483,3.49,3.6,45,-0.842877075
466,1,lac2,1,1,0,349.6315789,0.655172414,2.65,3.49,48,-0.127051324
473,1,lac2,1,1,0,400.5416667,0.827586207,3.25,2.49,38,-2.51313716
476,1,lac2,1,1,0,406.75,0.965517241,3.52,3.45,40,-2.035919993
483,1,lac2,1,1,0,336.1724138,1,3.78,3.8,49,0.11155726
487,1,lac2,0,1,0,219.875,0.551724138,2.78,1.5,46,-0.604268491
489,1,lac2,1,1,0,481.1785714,0.965517241,4,4,53,1.065991594
507,1,lac2,1,1,0,428.3684211,0.655172414,3.69,3.76,56,1.781817345
522,1,lac2,1,1,0,421.3529412,0.586206897,4,3.53,47,-0.365659907
525,1,lac2,1,1,0,351.2,0.862068966,3.55,2.6,53,1.065991594
559,1,lac2,1,1,0,370.4814815,0.931034483,3.57,3,48,-0.127051324
572,1,lac2,1,1,0,347.8571429,0.724137931,3.8,3.59,46,-0.604268491
595,1,lac2,0,1,0,408.2758621,1,2.49,2.84,49,0.11155726
644,1,lac2,1,1,0,415.7692308,0.896551724,3.17,2.8,46,-0.604268491
671,1,lac2,1,1,0,414.6923077,0.896551724,3.8,4,47,-0.365659907
4,2,uw1,1,1,0,447.5,0.928571429,3.7666665,3.5,14,-0.06222689
8,2,uw1,1,1,0,456.72,0.892857143,3.5999996,3.127777,18,1.680126039
14,2,uw1,1,1,0,518.5714286,1,3.533333,3.9,15,0.373361342
15,2,uw1,1,1,0,493.5714286,1,3.746153846,3.9,15,0.373361342
20,2,uw1,1,1,0,274.1785714,1,2.882758207,2.75,14,-0.06222689
22,2,uw1,1,1,0,494.3846154,0.928571429,3.15185137,3.1,15,0.373361342
23,2,uw1,1,1,0,444.8928571,1,2.915384,2.933333,15,0.373361342
24,2,uw1,1,1,0,382.1785714,1,3.451851556,3.8,15,0.373361342
26,2,uw1,1,1,0,467.1875,0.571428571,2.916666,1.7,15,0.373361342
30,2,uw1,1,1,0,438.7037037,0.964285714,3.33571375,3.933333,15,0.373361342
31,2,uw1,1,1,0,459.4814815,0.964285714,4,4,13,-0.497815123
35,2,uw1,1,1,0,441.0357143,1,3.532257903,3.6,15,0.373361342
46,2,uw1,1,1,0,328.8846154,0.928571429,3.651515121,3.344444,18,1.680126039
51,2,uw1,0,1,0,362.125,0.285714286,3.757575182,3.833333,15,0.373361342
55,2,uw1,0,1,0,255.3703704,0.964285714,3.346428179,2.5,10,-1.80457982
58,2,uw1,1,1,0,511.2592593,0.964285714,3.583333,3.55,10,-1.80457982
62,2,uw1,0,1,0,422.2727273,0.785714286,3.7799996,3.266666,15,0.373361342
64,2,uw1,1,1,0,442,0.714285714,3.8166665,3.933333,15,0.373361342
67,2,uw1,1,1,0,402.5925926,0.964285714,3.912902516,3.85,16,0.808949574
68,2,uw1,0,1,0,430.1428571,1,3.528571429,3.653846,13,-0.497815123
69,2,uw1,0,1,0,328.1666667,0.428571429,2.939285286,1.7,15,0.373361342
73,2,uw1,1,1,0,418.1666667,0.642857143,4,3.972727,11,-1.368991587
74,2,uw1,1,1,0,432.1851852,0.964285714,3.6999995,3.623076,13,-0.497815123
75,2,uw1,1,1,0,487.4642857,1,3.82,3.66923,13,-0.497815123
87,2,uw1,1,1,0,408.75,1,3.749999643,3.875,16,0.808949574
91,2,uw1,1,1,0,369.5357143,1,3.818749563,3.752941,17,1.244537807
92,2,uw1,1,1,0,485.7142857,1,3.077418968,3.230769,13,-0.497815123
93,2,uw1,1,1,0,485.1666667,0.214285714,3.856521391,3.95,10,-1.80457982
102,2,uw1,0,1,0,497.3571429,0.5,2.603447931,3.9,13,-0.497815123
103,2,uw1,1,1,0,383.6666667,0.857142857,3.913792345,4,15,0.373361342
106,2,uw1,0,1,0,291.4545455,0.392857143,3.45999992,3.566666,15,0.373361342
109,2,uw1,1,1,0,371.0769231,0.928571429,3.315151182,3.721428,14,-0.06222689
111,2,uw1,0,1,0,454.7058824,0.607142857,3.2799998,3.5,10,-1.80457982
113,2,uw1,0,1,0,355.8214286,1,3.3799998,3.5,15,0.373361342
115,2,uw1,1,1,0,380.1666667,0.214285714,3.4156245,3.233333,15,0.373361342
116,2,uw1,1,1,0,423.4666667,0.535714286,3.675,3.538461,13,-0.497815123
118,2,uw1,1,1,0,387.0434783,0.821428571,3.43999985,3.5,10,-1.80457982
122,2,uw1,1,1,0,482.6,0.357142857,3.326086652,3.033333,15,0.373361342
124,2,uw1,0,1,0,418.7,0.357142857,3.111110778,3.2,15,0.373361342
126,2,uw1,1,1,0,408.48,0.892857143,3.8799998,3.961538,13,-0.497815123
127,2,uw1,0,1,0,359.2307692,0.928571429,3.621739,3.592307,13,-0.497815123
128,2,uw1,1,1,0,412.3,0.357142857,3.8666665,3.966666,15,0.373361342
130,2,uw1,1,1,0,511.6071429,1,3.916666,3.9,15,0.373361342
136,2,uw1,1,1,0,458,1,3.7,3.933333,15,0.373361342
141,2,uw1,1,1,0,451.84,0.892857143,3.333332556,2.533333,15,0.373361342
146,2,uw1,1,1,0,392.5185185,0.964285714,3.955172,3.964285,14,-0.06222689
153,2,uw1,1,1,0,393.1071429,1,3.579999833,3.966666,12,-0.933403355
155,2,uw1,1,1,0,406.7142857,1,3.913792862,3.952941,17,1.244537807
157,2,uw1,1,1,0,361.8214286,1,3.458620069,3.55,10,-1.80457982
158,2,uw1,1,1,0,364.8846154,0.928571429,3.090624375,2.9,18,1.680126039
165,2,uw1,1,1,0,436.36,0.892857143,3.725806129,3.733333,15,0.373361342
166,2,uw1,1,1,0,432.5714286,1,3.892856357,3.833333,15,0.373361342
167,2,uw1,1,1,0,399.35,0.714285714,3.72,3.566666,15,0.373361342
170,2,uw1,1,1,0,487.0714286,1,3.7999995,3.766666,15,0.373361342
171,2,uw1,1,1,0,460.5384615,0.464285714,3.316666,3.233333,12,-0.933403355
175,2,uw1,1,1,0,413.6785714,1,3.7499995,3.744444,18,1.680126039
179,2,uw1,1,1,0,430.4642857,1,4,3.966666,15,0.373361342
180,2,uw1,0,1,0,447.8846154,0.928571429,2.637930517,3.483333,18,1.680126039
188,2,uw1,1,1,0,435.1785714,1,3.645454394,3.83125,16,0.808949574
191,2,uw1,0,1,0,388.9642857,1,3.299999586,3.4,15,0.373361342
193,2,uw1,1,1,0,374.4444444,0.964285714,3.910714143,3.8,15,0.373361342
195,2,uw1,1,1,0,404.375,0.285714286,2.608695217,2.866666,15,0.373361342
198,2,uw1,1,1,0,435.4347826,0.821428571,3.1999995,2.9,15,0.373361342
199,2,uw1,1,1,0,437.1363636,0.785714286,3.08,3.633333,15,0.373361342
306,3,uw2,1,1,0,421.6428571,1,3.865,3.87,15,0.041207105
307,3,uw2,1,1,0,434.1666667,0.857142857,3.458,3.29,14,-0.479500856
312,3,uw2,1,1,0,390.0416667,0.857142857,3.2928125,3.76,16,0.561915066
323,3,uw2,1,1,0,406.4583333,0.857142857,2.958275862,2.8,13,-1.000208817
324,3,uw2,1,1,0,460.173913,0.821428571,2.625,3,15,0.041207105
331,3,uw2,1,1,0,414.3913043,0.821428571,3.05,3.25,15,0.041207105
335,3,uw2,1,1,0,357.2142857,1,2.822222222,2.68,14,-0.479500856
338,3,uw2,1,1,0,412.6153846,0.928571429,3.695517241,3.84,16,0.561915066
339,3,uw2,1,1,0,485.1481481,0.964285714,3.702,3.79,12,-1.520916778
340,3,uw2,1,1,0,478.1666667,0.214285714,2.865,3.51,16,0.561915066
348,3,uw2,1,1,0,456,1,3.078888889,3.35,13,-1.000208817
351,3,uw2,1,1,0,432.9285714,1,3.405,3.04,12,-1.520916778
352,3,uw2,0,1,0,402.12,0.892857143,3.688928571,3.89,14,-0.479500856
354,3,uw2,1,1,0,371.2222222,0.964285714,3.823235294,3.95,18,1.603330987
355,3,uw2,1,1,0,323.4285714,1,3.57,3.63,16,0.561915066
356,3,uw2,1,1,0,428.25,1,3.726206897,3.59,18,1.603330987
360,3,uw2,1,1,0,349.3928571,1,2.98,3.07,15,0.041207105
363,3,uw2,1,1,0,435.6428571,0.5,3.775,3.7,15,0.041207105
364,3,uw2,1,1,0,449.3636364,0.785714286,3.500967742,3.47,16,0.561915066
365,3,uw2,1,1,0,387.9285714,1,2.947142857,3.33,17,1.082623027
366,3,uw2,0,1,0,486.6363636,0.785714286,3.0975,3.3,15,0.041207105
369,3,uw2,1,1,0,437.1851852,0.964285714,3.803333333,3.76,18,1.603330987
373,3,uw2,1,1,0,409.4814815,0.964285714,3.155454545,3.41,13,-1.000208817
378,3,uw2,1,1,0,456,0.964285714,3.88,3.78,13,-1.000208817
380,3,uw2,1,1,0,412.7692308,0.928571429,3.259655172,3.23,15,0.041207105
386,3,uw2,1,1,0,372.2857143,0.25,3.917419355,4,18,1.603330987
394,3,uw2,1,1,0,462.4285714,1,3.71,3.45,12,-1.520916778
399,3,uw2,0,1,0,433.1111111,0.964285714,3.730625,3.95,13,-1.000208817
401,3,uw2,1,1,0,436.9285714,1,3.57,3.49,14,-0.479500856
405,3,uw2,1,1,0,388.8928571,1,3.240625,3.59,14,-0.479500856
407,3,uw2,1,1,0,428.8823529,0.607142857,3.665862069,3.7,15,0.041207105
413,3,uw2,1,1,0,378.9130435,0.821428571,3.32037037,3.13,14,-0.479500856
418,3,uw2,1,1,0,396.6470588,0.607142857,3.78,3.8,17,1.082623027
422,3,uw2,0,1,0,478.52,0.892857143,2.830833333,3.08,18,1.603330987
435,3,uw2,1,1,0,417.2307692,0.928571429,3.315,3.53,15,0.041207105
439,3,uw2,1,1,0,370.6785714,1,3.653703704,3.3,14,-0.479500856
448,3,uw2,1,1,0,417.8846154,0.928571429,4,3.97,14,-0.479500856
454,3,uw2,1,1,0,365,1,3.25,3.27,15,0.041207105
458,3,uw2,1,1,0,451.962963,0.964285714,3.215,2.99,18,1.603330987
465,3,uw2,0,1,0,432.9230769,0.928571429,3.390357143,3.37,16,0.561915066
469,3,uw2,1,1,0,388.7407407,0.964285714,3.958857143,3.94,14,-0.479500856
485,3,uw2,1,1,0,367.4444444,0.321428571,2.9,3,15,0.041207105
490,3,uw2,1,1,0,459.6071429,1,2.998,3.4,15,0.041207105
494,3,uw2,1,1,0,411.5,0.857142857,3.724117647,3.86,18,1.603330987
499,3,uw2,0,1,0,413.52,0.892857143,3.946428571,3.93,15,0.041207105
503,3,uw2,1,1,0,402.9259259,0.964285714,3.492258065,2.94,14,-0.479500856
506,3,uw2,1,1,0,352.8148148,0.964285714,3.657272727,3.3,13,-1.000208817
509,3,uw2,1,1,0,349.5714286,1,3.635,3.83,18,1.603330987
510,3,uw2,1,1,0,368.2272727,0.785714286,2.83,2.67,15,0.041207105
511,3,uw2,1,1,0,410.5714286,0.75,3.862592593,3.8,15,0.041207105
513,3,uw2,1,1,0,449.56,0.892857143,3.611,3.09,14,-0.479500856
523,3,uw2,1,1,0,392.7857143,1,3.385,2.77,14,-0.479500856
534,3,uw2,1,1,0,393.4230769,0.928571429,3.052727273,3,15,0.041207105
541,3,uw2,1,1,0,382.75,1,3.154482759,3.28,12,-1.520916778
547,3,uw2,1,1,0,369.2692308,0.928571429,3.139259259,3.14,14,-0.479500856
557,3,uw2,0,1,0,391.9259259,0.964285714,2.799130435,2.86,16,0.561915066
559,3,uw2,1,1,0,399.1071429,1,3.680625,3.17,15,0.041207105
562,3,uw2,1,1,0,298.3333333,0.321428571,3.88,3.52,18,1.603330987
564,3,uw2,0,1,0,407.3846154,0.928571429,3.601034483,3.63,16,0.561915066
567,3,uw2,0,1,0,436.3181818,0.785714286,3.948275862,3.91,18,1.603330987
570,3,uw2,1,1,0,403.4814815,0.964285714,3.363703704,3.01,15,0.041207105
571,3,uw2,1,1,0,435.3461538,0.928571429,3.625454545,3.49,13,-1.000208817
10237,4,nh,1,1,0,427.8571429,0.933333333,3.111,3.333166667, , 
14279,4,nh,1,1,0,427.3333333,1,3.777833333,3.722166667, , 
15134,4,nh,1,1,0,350.95,0.666666667,3.6666,3.5555, , 
17308,4,nh,0,1,0,412.5,1,3.761857143,3.714428571, , 
21090,4,nh,1,1,0,425.1034483,0.966666667,3.9445,3.9445, , 
23270,4,nh,1,1,0,449.0344828,0.966666667,3.9445,3.904714286, , 
23518,4,nh,1,1,0,372.12,0.833333333,3.1336,3.4445, , 
26272,4,nh,1,1,0,304,0.8,3.904857143,3.476142857, , 
26320,4,nh,1,1,0,382.3666667,1,3.4445,3.777833333, , 
26858,4,nh,1,1,0,397.7666667,1,3.5,3.666666667, , 
27306,4,nh,1,1,0,374.1052632,0.633333333,3.0666,3.4668, , 
28327,4,nh,1,1,0,332.6666667,0.8,3.833333333,3.666666667, , 
30152,4,nh,1,1,0,324.0952381,0.7,3.389,3.7334, , 
30453,4,nh,0,1,0,282.625,0.266666667,3.222,3.611, , 
31294,4,nh,1,1,0,411.6428571,0.933333333,3.9445,3.888833333, , 
33657,4,nh,0,1,0,353.1666667,1,3.4002,3.0555, , 
33740,4,nh,0,1,0,419.5882353,0.566666667,3.428428571,3.5334, , 
34062,4,nh,1,1,0,375,0.833333333,3.5,3.555666667, , 
34467,4,nh,1,1,0,410.7777778,0.6,4,3.952428571, , 
35344,4,nh,0,1,0,404.3793103,0.966666667,4,3.833333333, , 
36552,4,nh,1,1,0,389.3666667,1,3.714428571,3.666666667, , 
36875,4,nh,1,1,0,407.1666667,0.8,3.4445,3.722333333, , 
37404,4,nh,1,1,0,383.6818182,0.733333333,3.833333333,3.833333333, , 
38293,4,nh,1,1,0,341.5172414,0.966666667,3.5555,2.9445, , 
38610,4,nh,1,1,0,379.2666667,1,3.888833333,3.666666667, , 
39146,4,nh,1,1,0,422.5,0.933333333,3.761857143,3.714428571, , 
42137,4,nh,1,1,0,359.5,0.933333333,3.555666667,3.666714286, , 
43794,4,nh,1,1,0,352.6296296,0.9,3.889,3.889, , 
44872,4,nh,1,1,0,318.1428571,0.233333333,3.9445,3.8335, , 
44927,4,nh,0,1,0,384,1,3.809714286,3.809571429, , 
45963,4,nh,0,1,0,377.0384615,0.866666667,3.666714286,3.952428571, , 
47024,4,nh,1,1,0,390.5238095,0.7,3.889,3.666666667, , 
47142,4,nh,1,1,0,407.6785714,0.933333333,3.761857143,3.833333333, , 
47810,4,nh,1,1,0,437.3333333,0.9,3.619142857,3.611166667, , 
48154,4,nh,1,1,0,462.3333333,0.9,3.571571429,3.619142857, , 
49086,4,nh,1,1,0,464.7333333,1,3.777833333,3.889, , 
49497,4,nh,1,1,0,348.4827586,0.966666667,3.722166667,3.777833333, , 
49790,4,nh,0,1,0,351.3448276,0.966666667,3.611333333,3.5, , 
51437,4,nh,1,1,0,340.8095238,0.7,3.714428571,3.762, , 
51475,4,nh,0,1,0,316.7857143,0.466666667,3.666666667,3.777666667, , 
57359,4,nh,0,1,0,446.7241379,0.966666667,3.857142857,4, , 
57443,4,nh,0,1,0,401.8571429,0.933333333,3.277833333,3.611166667, , 
62617,4,nh,1,1,0,465,1,3.777833333,3.722166667, , 
63138,4,nh,1,1,0,441.5862069,0.966666667,3.9445,3.91675, , 
63419,4,nh,0,1,0,330.5185185,0.9,3.291625,3.333285714, , 
63904,4,nh,1,1,0,336.9285714,0.933333333,3.611333333,3.857142857, , 
64232,4,nh,1,1,0,404.3103448,0.966666667,3.277833333,3.5555, , 
72348,4,nh,1,1,0,485.4333333,1,3.888833333,3.666666667, , 
72806,4,nh,1,1,0,467.68,0.833333333,3.778,3.9445, , 
75149,4,nh,1,1,0,300.8095238,0.7,3.111166667,3.1665, , 
77036,4,nh,1,1,0,474.8,1,3.3335,3.2, , 
79167,4,nh,1,1,0,390.9310345,0.966666667,3.5,3.857285714, , 
79352,4,nh,1,1,0,306.3214286,0.933333333,3.722333333,3.555666667, , 
82986,4,nh,0,1,0,272.5862069,0.966666667,3.5334,3.166666667, , 
83005,4,nh,0,1,0,423.7333333,1,3.8335,3.9445, , 
83536,4,nh,0,1,0,452.7,1,3.833333333,3.555666667, , 
83566,4,nh,1,1,0,454.6666667,1,3.555666667,3.5555, , 
83612,4,nh,1,1,0,382.6818182,0.733333333,3.761857143,3.9445, , 
84011,4,nh,1,1,0,375.0689655,0.966666667,3.857142857,4, , 
88185,4,nh,1,1,0,420.9333333,1,3.722333333,3.9445, , 
89652,4,nh,1,1,0,419.4,0.833333333,3.762,3.952428571, , 
93002,4,nh,1,1,0,391.0769231,0.866666667,3.380857143,3.714428571, , 
93699,4,nh,1,1,0,334.6428571,0.933333333,3.4445,3.555666667, , 
97990,4,nh,1,1,0,318.125,0.533333333,3.611166667,3.4445, , 
98700,4,nh,1,1,0,427.5517241,0.966666667,3.8335,3.722166667, , 
99733,4,nh,1,1,0,324.3333333,0.9,3.3335,3.222166667, , 